idx,firstName,lastName,company,state,timeline,budMin,budMax,pricePerAcre,acreMin,acreMax,zoning,roadAccess,utilities,financing,targetState,targetCounty,targetCity,targetZip,useCase,useCaseDesc,specificReq
1,Holden,Yarbrough,Medina Land Partners,TX,Actively Buying (0–30 days),866997,1600357,1500,638,1093,Residential,Gravel Road acceptable,Well|Not Required,Open to Options,TX,Travis,Austin,78701,Homesteading / Off-Grid,Seeking land for self-sufficient living. Water source； solar potential； and fertile soil for gardening are priorities.,Existing timber value is a plus but not required.
2,Easton,Price,Nueces Development LLC,TX,Actively Buying (0–30 days),985979,1538959,1500,372,1006,Unrestricted,Dirt Road acceptable,Electric|Septic|Well,Cash,TX,Travis,Austin,78701,Conservation / Preservation,Interested in acquiring land for conservation purposes. Natural habitat； wetlands； and scenic value are the primary draw.,
3,Lacey,Stewart,Trinity Properties LLC,TX,Actively Buying (0–30 days),514500,1845765,1000,765,1843,Recreational|Any,Any access OK,Electric|Septic|Not Required,Open to Options,TX,Travis,Austin,78701,Homesteading / Off-Grid,Seeking land for self-sufficient living. Water source； solar potential； and fertile soil for gardening are priorities.,Need 3-phase power available at or near the property line.
4,Megan,Roark,Balcones Construction Co.,TX,Actively Buying (0–30 days),470237,1974975,1600,561,1268,Commercial|Any,Paved Road required,Septic,Cash,,,,,Conservation / Preservation,Interested in acquiring land for conservation purposes. Natural habitat； wetlands； and scenic value are the primary draw.,Must have road frontage on a county-maintained road.
5,Caleb,Hill,Lone Star Building Group,TX,Actively Buying (0–30 days),365430,584334,300,609,1671,Unrestricted,Any access OK,Well,Open to Options,TX,Harris,Houston,77001,,,
6,Merle,Roark,San Saba Real Estate Group,TX,Actively Buying (0–30 days),988684,1634451,1600,647,1002,Agricultural,Paved Road required,Electric|Well|Septic,Conventional Loan,TX,Tarrant,Fort Worth,76101,Commercial Development,Need land for commercial development. Highway frontage； utilities； and zoning flexibility are critical requirements.,
7,Brandon,Matthews,Llano Estacado Homebuilders,TX,Flexible (6+ months),839884,1530238,1000,618,1502,Recreational,Paved Road required,Not Required,Seller Financing,TX,Harris,Houston,77001,Conservation / Preservation,Interested in acquiring land for conservation purposes. Natural habitat； wetlands； and scenic value are the primary draw.,Prefer unrestricted land with no HOA or deed restrictions.
8,Robert,Morales,Panhandle Land Partners,TX,Short Term (1–3 months),183145,1177392,900,753,1327,Residential,Paved Road required,Septic|Not Required,Cash,TX,Harris,Houston,77001,Homesteading / Off-Grid,Seeking land for self-sufficient living. Water source； solar potential； and fertile soil for gardening are priorities.,Must have road frontage on a county-maintained road.
9,Robert,Fox,,TX,Flexible (6+ months),411227,1258789,900,503,1409,Unrestricted|Mixed Use,Dirt Road acceptable,Septic|Electric|Not Required,Conventional Loan,TX,Travis,Austin,78701,Conservation / Preservation,Interested in acquiring land for conservation purposes. Natural habitat； wetlands； and scenic value are the primary draw.,Must have road frontage on a county-maintained road.
10,Luna,Harper,Balcones Properties LLC,TX,Medium Term (3–6 months),612730,1893527,1500,362,1247,Commercial|Recreational,Paved Road required,Well|Not Required,Conventional Loan,TX,Potter,Amarillo,79101,Residential Development,Looking to develop a residential subdivision with single-family homes. Need land with good access； utilities nearby； and favorable zoning for development.,
11,Miguel,Turner,Cross Timbers Development Group,TX,Medium Term (3–6 months),792716,1684861,1100,118,1599,Any,Paved Road required,Well|Septic|Electric,Open to Options,TX,McLennan,Waco,76701,Custom Home Construction,Seeking land to build a custom primary residence. Want privacy； views； and enough acreage for outbuildings and outdoor living space.,Water rights and mineral rights must convey with sale.
12,Penelope,Matthews,Red River Land Partners,TX,Flexible (6+ months),563202,1893515,1600,30,1186,Commercial,Any access OK,Septic|Electric,Seller Financing,TX,Lubbock,Lubbock,79401,Land Banking / Investment,Acquiring land as a long-term investment. Looking for properties with appreciation potential in growing corridors.,
13,Kenneth,Lopez,Panhandle Development Partners,TX,Flexible (6+ months),822104,1559509,2000,432,769,Residential,Dirt Road acceptable,Septic|Electric|Not Required,Seller Financing,TX,Travis,Austin,78701,,,
14,Sarah,Spencer,Cross Timbers Custom Homes,TX,Short Term (1–3 months),989036,1728226,2400,182,720,Mixed Use,Any access OK,Well,Seller Financing,TX,Travis,Austin,78701,Residential Development,Looking to develop a residential subdivision with single-family homes. Need land with good access； utilities nearby； and favorable zoning for development.,Existing timber value is a plus but not required.
15,Lacey,Gonzalez,Piney Woods Land Partners,TX,Short Term (1–3 months),675347,1524624,800,646,1855,Unrestricted,Gravel Road acceptable,Well|Septic,Seller Financing,TX,McLennan,Waco,76701,,,
16,Adam,Robinson,Panhandle Homebuilders,TX,Flexible (6+ months),684506,1604847,1200,458,1291,Mixed Use,Paved Road required,Not Required,Cash,TX,McLennan,Waco,76701,,,
17,Juan,Munoz,Lone Star Home Development,TX,Short Term (1–3 months),646562,1726254,1300,222,1318,Mixed Use,Any access OK,Electric|Well|Septic,Conventional Loan,TX,Harris,Houston,77001,Recreational / Hunting,Looking for a recreational property for hunting； fishing； and outdoor activities. Timber； water features； and wildlife habitat are priorities.,
18,Violet,Kline,Guadalupe Home Builders,TX,Flexible (6+ months),753156,1961620,1000,365,1981,Unrestricted,Paved Road required,Septic|Not Required|Well,Open to Options,TX,Lubbock,Lubbock,79401,Agricultural / Farming,Seeking productive agricultural land for crop production or livestock operations. Soil quality； water rights； and existing infrastructure are key.,
19,Lucas,Cook,San Rafael Development Partners,UT,Actively Buying (0–30 days),363955,562747,1300,78,431,Residential,Paved Road required,Not Required,Cash,UT,Washington,St. George,84770,Subdivision Development,Looking to acquire larger tracts for subdivision into smaller parcels. Road access and utility infrastructure are important.,Need property with natural water feature — creek； pond； or river access.
20,Ivan,Thomas,San Rafael Homebuilders,UT,Actively Buying (0–30 days),251695,671729,1700,131,390,Commercial,Dirt Road acceptable,Not Required,Open to Options,UT,Utah,Provo,84601,Residential Development,Looking to develop a residential subdivision with single-family homes. Need land with good access； utilities nearby； and favorable zoning for development.,
21,Joseph,Berry,Uinta Construction Group,UT,Actively Buying (0–30 days),214980,377499,3000,42,127,Commercial,Paved Road required,Electric,Conventional Loan,UT,Cache,Logan,84321,Subdivision Development,Looking to acquire larger tracts for subdivision into smaller parcels. Road access and utility infrastructure are important.,Must be within 30 minutes of a major city or town.
22,Reed,Wright,,UT,Actively Buying (0–30 days),100211,386948,900,17,454,Any|Commercial,Any access OK,Well|Septic|Not Required,Open to Options,UT,Washington,St. George,84770,,,
23,Kelly,West,Zion Custom Homes,UT,Medium Term (3–6 months),375228,990275,3100,165,319,Agricultural,Any access OK,Septic|Electric|Well,Conventional Loan,UT,Washington,St. George,84770,Residential Development,Looking to develop a residential subdivision with single-family homes. Need land with good access； utilities nearby； and favorable zoning for development.,Looking for properties with existing structures or improvements.
24,Luis,Greene,Millard Development Group,UT,Medium Term (3–6 months),323285,803010,3100,69,259,Commercial,Any access OK,Not Required,Seller Financing,UT,Washington,St. George,84770,Residential Development,Looking to develop a residential subdivision with single-family homes. Need land with good access； utilities nearby； and favorable zoning for development.,Must have road frontage on a county-maintained road.
25,Zoey,Murphy,Cedar Mesa Land Acquisitions,UT,Medium Term (3–6 months),338208,796315,3500,118,228,Agricultural|Unrestricted,Paved Road required,Well,Open to Options,UT,Weber,Ogden,84401,Agricultural / Farming,Seeking productive agricultural land for crop production or livestock operations. Soil quality； water rights； and existing infrastructure are key.,Need property with natural water feature — creek； pond； or river access.
26,Clint,Ferguson,Panguitch Custom Homes,UT,Short Term (1–3 months),132267,583347,1200,39,498,Agricultural,Paved Road required,Not Required,Open to Options,UT,Salt Lake,Salt Lake City,84101,,,
27,Santiago,Shaw,Millard Custom Homes,UT,Flexible (6+ months),136981,928719,3400,148,272,Agricultural,Any access OK,Septic,Cash,UT,Washington,St. George,84770,,,
28,Hazel,Torres,Arches Development Group,UT,Flexible (6+ months),148148,953709,3500,78,276,Residential,Any access OK,Septic|Not Required,Cash,,,,,Custom Home Construction,Seeking land to build a custom primary residence. Want privacy； views； and enough acreage for outbuildings and outdoor living space.,
29,Reid,Harrison,Zion Land Ventures,UT,Medium Term (3–6 months),269027,493473,1000,95,478,Any|Commercial,Dirt Road acceptable,Electric,Conventional Loan,UT,Utah,Provo,84601,,,
30,Patrick,Estes,Dixie Land Partners,UT,Short Term (1–3 months),280476,870374,2400,34,364,Agricultural|Mixed Use,Any access OK,Electric|Well,Conventional Loan,UT,Cache,Logan,84321,Conservation / Preservation,Interested in acquiring land for conservation purposes. Natural habitat； wetlands； and scenic value are the primary draw.,Must have road frontage on a county-maintained road.
31,John,Jett,Great Basin Land Development,UT,Flexible (6+ months),459804,693801,1600,155,429,Unrestricted|Residential,Dirt Road acceptable,Not Required|Septic|Electric,Conventional Loan,UT,Cache,Logan,84321,Custom Home Construction,Seeking land to build a custom primary residence. Want privacy； views； and enough acreage for outbuildings and outdoor living space.,Needs existing water well or reliable water source on property.
32,Lisa,Reynolds,Kissimmee Home Builders,FL,Actively Buying (0–30 days),309046,750436,1800,78,425,Agricultural,Gravel Road acceptable,Septic|Well|Not Required,Seller Financing,FL,Duval,Jacksonville,32201,,,
33,Megan,Vickers,Okeechobee Custom Homes,FL,Actively Buying (0–30 days),422447,848035,4200,9,200,Recreational,Paved Road required,Well|Not Required,Seller Financing,FL,Leon,Tallahassee,32301,Subdivision Development,Looking to acquire larger tracts for subdivision into smaller parcels. Road access and utility infrastructure are important.,Prefer unrestricted land with no HOA or deed restrictions.
34,Eduardo,Patterson,Wakulla Land Ventures,FL,Actively Buying (0–30 days),342556,888709,4600,87,195,Agricultural,Any access OK,Not Required|Well,Open to Options,FL,Leon,Tallahassee,32301,Homesteading / Off-Grid,Seeking land for self-sufficient living. Water source； solar potential； and fertile soil for gardening are priorities.,Looking for properties with existing structures or improvements.
35,Noah,Faulkner,Myakka Development Group,FL,Short Term (1–3 months),493873,854850,1800,111,483,Commercial,Gravel Road acceptable,Not Required|Septic|Well,Cash,FL,Hillsborough,Tampa,33601,Commercial Development,Need land for commercial development. Highway frontage； utilities； and zoning flexibility are critical requirements.,Must be within 30 minutes of a major city or town.
36,Thomas,Ramos,,FL,Flexible (6+ months),164252,958515,2500,154,387,Residential,Any access OK,Septic,Open to Options,FL,Hillsborough,Tampa,33601,Conservation / Preservation,Interested in acquiring land for conservation purposes. Natural habitat； wetlands； and scenic value are the primary draw.,Prefer flat to gently rolling terrain suitable for construction.
37,Cesar,Dunn,Ocala Custom Homes,FL,Flexible (6+ months),298927,488630,3700,13,132,Residential|Recreational,Any access OK,Septic,Open to Options,,,,,Agricultural / Farming,Seeking productive agricultural land for crop production or livestock operations. Soil quality； water rights； and existing infrastructure are key.,Existing timber value is a plus but not required.
38,Chase,Sutton,Apalachicola Land Acquisitions,FL,Short Term (1–3 months),412255,909081,2500,8,361,Mixed Use|Recreational,Any access OK,Septic|Not Required|Well,Conventional Loan,FL,Hillsborough,Tampa,33601,Custom Home Construction,Seeking land to build a custom primary residence. Want privacy； views； and enough acreage for outbuildings and outdoor living space.,
39,Amber,Kelley,Suwannee Properties LLC,FL,Flexible (6+ months),371600,819728,2100,197,399,Recreational|Residential,Any access OK,Not Required|Well|Septic,Conventional Loan,FL,Orange,Orlando,32801,,,
40,George,Lawrence,Wakulla Land Holdings,FL,Short Term (1–3 months),270306,892994,3800,40,232,Recreational,Gravel Road acceptable,Electric|Not Required,Seller Financing,FL,Orange,Orlando,32801,Subdivision Development,Looking to acquire larger tracts for subdivision into smaller parcels. Road access and utility infrastructure are important.,Must have road frontage on a county-maintained road.
41,Wade,Jennings,Caloosahatchee Land Holdings,FL,Flexible (6+ months),364309,599334,1400,100,432,Residential,Any access OK,Not Required,Open to Options,FL,Orange,Orlando,32801,Recreational / Hunting,Looking for a recreational property for hunting； fishing； and outdoor activities. Timber； water features； and wildlife habitat are priorities.,
42,Owen,Patterson,Panhandle Construction Co.,FL,Short Term (1–3 months),236775,840569,3200,168,259,Any,Any access OK,Not Required,Seller Financing,FL,Alachua,Gainesville,32601,,,
43,Sawyer,Bradley,Kissimmee Realty Group,FL,Short Term (1–3 months),177352,675980,2900,132,232,Agricultural|Residential,Gravel Road acceptable,Electric,Open to Options,FL,Hillsborough,Tampa,33601,Agricultural / Farming,Seeking productive agricultural land for crop production or livestock operations. Soil quality； water rights； and existing infrastructure are key.,
44,Chelsea,Martin,Sangre de Cristo Custom Homes,CO,Actively Buying (0–30 days),348285,1097005,4400,148,250,Mixed Use,Dirt Road acceptable,Not Required|Well,Cash,CO,Larimer,Fort Collins,80521,Conservation / Preservation,Interested in acquiring land for conservation purposes. Natural habitat； wetlands； and scenic value are the primary draw.,Prefer unrestricted land with no HOA or deed restrictions.
45,Danielle,Gomez,San Juan Land Development,CO,Actively Buying (0–30 days),485580,1373002,4800,72,286,Any,Dirt Road acceptable,Well,Cash,CO,Pueblo,Pueblo,81001,Residential Development,Looking to develop a residential subdivision with single-family homes. Need land with good access； utilities nearby； and favorable zoning for development.,Must have road frontage on a county-maintained road.
46,Aria,Henderson,,CO,Actively Buying (0–30 days),551854,865390,2900,13,294,Residential,Gravel Road acceptable,Electric,Conventional Loan,CO,Boulder,Boulder,80301,Land Banking / Investment,Acquiring land as a long-term investment. Looking for properties with appreciation potential in growing corridors.,Need 3-phase power available at or near the property line.
47,Richard,Murphy,San Juan Development Group,CO,Actively Buying (0–30 days),205378,1027796,3100,133,333,Residential,Any access OK,Not Required|Well,Cash,CO,Larimer,Fort Collins,80521,,,
48,Owen,Ward,Uncompahgre Construction Co.,CO,Medium Term (3–6 months),605765,1473853,5400,173,275,Unrestricted,Paved Road required,Well,Conventional Loan,CO,Denver,Denver,80201,Residential Development,Looking to develop a residential subdivision with single-family homes. Need land with good access； utilities nearby； and favorable zoning for development.,
49,David,Brown,Rocky Mountain Home Development,CO,Flexible (6+ months),269898,1089267,2600,179,423,Residential|Agricultural,Gravel Road acceptable,Well,Cash,CO,Denver,Denver,80201,Agricultural / Farming,Seeking productive agricultural land for crop production or livestock operations. Soil quality； water rights； and existing infrastructure are key.,Prefer unrestricted land with no HOA or deed restrictions.
50,Thomas,Ogle,Piedra Real Estate Group,CO,Flexible (6+ months),210940,424520,1100,96,401,Residential,Paved Road required,Septic,Cash,CO,Pueblo,Pueblo,81001,Subdivision Development,Looking to acquire larger tracts for subdivision into smaller parcels. Road access and utility infrastructure are important.,
51,Jennifer,Freeman,San Juan Property Group,CO,Medium Term (3–6 months),685570,1343967,5400,124,249,Agricultural,Dirt Road acceptable,Not Required,Conventional Loan,CO,El Paso,Colorado Springs,80901,Homesteading / Off-Grid,Seeking land for self-sufficient living. Water source； solar potential； and fertile soil for gardening are priorities.,Looking for properties with existing structures or improvements.
52,Marco,Wagner,Rocky Mountain Homebuilders,CO,Flexible (6+ months),150978,428611,1400,200,313,Unrestricted,Dirt Road acceptable,Well,Open to Options,CO,El Paso,Colorado Springs,80901,Homesteading / Off-Grid,Seeking land for self-sufficient living. Water source； solar potential； and fertile soil for gardening are priorities.,Need property with natural water feature — creek； pond； or river access.
53,Brooks,Davis,Dolores Construction Group,CO,Flexible (6+ months),552198,1362899,9100,74,150,Residential|Unrestricted,Any access OK,Septic|Not Required,Open to Options,CO,Boulder,Boulder,80301,,,
54,Carlos,Morgan,Yampa Land Co.,CO,Short Term (1–3 months),561291,1467940,3500,194,421,Agricultural|Any,Dirt Road acceptable,Not Required,Cash,CO,El Paso,Colorado Springs,80901,Commercial Development,Need land for commercial development. Highway frontage； utilities； and zoning flexibility are critical requirements.,
55,Donald,Reyes,,CO,Short Term (1–3 months),313188,918128,3200,88,285,Mixed Use,Gravel Road acceptable,Septic|Well|Not Required,Conventional Loan,CO,Denver,Denver,80201,Homesteading / Off-Grid,Seeking land for self-sufficient living. Water source； solar potential； and fertile soil for gardening are priorities.,Prefer unrestricted land with no HOA or deed restrictions.
56,Violet,Gordon,Napa Land Development,CA,Actively Buying (0–30 days),818092,2913188,63300,11,46,Agricultural|Commercial,Gravel Road acceptable,Well|Septic|Electric,Open to Options,CA,Fresno,Fresno,93701,Residential Development,Looking to develop a residential subdivision with single-family homes. Need land with good access； utilities nearby； and favorable zoning for development.,Need 3-phase power available at or near the property line.
57,Brooks,Isbell,Feather River Land Partners,CA,Actively Buying (0–30 days),958755,2180303,64100,12,34,Commercial|Any,Paved Road required,Well,Conventional Loan,CA,Kern,Bakersfield,93301,Recreational / Hunting,Looking for a recreational property for hunting； fishing； and outdoor activities. Timber； water features； and wildlife habitat are priorities.,Prefer flat to gently rolling terrain suitable for construction.
58,Dawn,Butler,Mojave Development Group,CA,Actively Buying (0–30 days),575479,2457114,84700,11,29,Recreational,Dirt Road acceptable,Septic|Well|Electric,Open to Options,CA,Kern,Bakersfield,93301,Custom Home Construction,Seeking land to build a custom primary residence. Want privacy； views； and enough acreage for outbuildings and outdoor living space.,
59,Kayla,Morales,Feather River Realty Group,CA,Actively Buying (0–30 days),511540,1501479,34100,19,44,Unrestricted,Any access OK,Septic|Not Required|Electric,Conventional Loan,CA,Stanislaus,Modesto,95354,Subdivision Development,Looking to acquire larger tracts for subdivision into smaller parcels. Road access and utility infrastructure are important.,Prefer flat to gently rolling terrain suitable for construction.
60,Luis,Whitfield,Santa Ynez Development LLC,CA,Medium Term (3–6 months),1348619,2486833,63800,14,39,Unrestricted|Agricultural,Any access OK,Well|Not Required|Electric,Cash,CA,Shasta,Redding,96001,Land Banking / Investment,Acquiring land as a long-term investment. Looking for properties with appreciation potential in growing corridors.,Must have road frontage on a county-maintained road.
61,Cameron,White,Sacramento Custom Homes,CA,Short Term (1–3 months),1355412,2436689,128200,5,19,Agricultural,Dirt Road acceptable,Electric|Well|Not Required,Open to Options,CA,Kern,Bakersfield,93301,Conservation / Preservation,Interested in acquiring land for conservation purposes. Natural habitat； wetlands； and scenic value are the primary draw.,Prefer flat to gently rolling terrain suitable for construction.
62,Liam,Ruiz,San Joaquin Custom Homes,CA,Flexible (6+ months),1152474,2358567,147400,9,16,Residential,Any access OK,Electric|Not Required,Open to Options,CA,Stanislaus,Modesto,95354,Subdivision Development,Looking to acquire larger tracts for subdivision into smaller parcels. Road access and utility infrastructure are important.,Prefer unrestricted land with no HOA or deed restrictions.
63,Aubrey,Ellis,Klamath Building Group,CA,Flexible (6+ months),1230687,2315772,96500,11,24,Unrestricted,Dirt Road acceptable,Well|Electric|Not Required,Conventional Loan,CA,Sacramento,Sacramento,95814,,,
64,Patricia,Jordan,Merced Land Ventures,CA,Flexible (6+ months),1272015,2897259,90500,14,32,Mixed Use|Any,Dirt Road acceptable,Septic,Cash,CA,Kern,Bakersfield,93301,Recreational / Hunting,Looking for a recreational property for hunting； fishing； and outdoor activities. Timber； water features； and wildlife habitat are priorities.,Looking for properties with existing structures or improvements.
65,Carter,Fisher,Merced Land Acquisitions,CA,Medium Term (3–6 months),532312,2778307,61700,13,45,Any,Paved Road required,Well|Septic|Electric,Seller Financing,CA,Stanislaus,Modesto,95354,,,
66,Kimberly,Bailey,Tule Land Partners,CA,Short Term (1–3 months),819541,2101654,67800,8,31,Agricultural|Mixed Use,Dirt Road acceptable,Septic,Seller Financing,CA,Fresno,Fresno,93701,Homesteading / Off-Grid,Seeking land for self-sufficient living. Water source； solar potential； and fertile soil for gardening are priorities.,
67,Lance,Ibarra,Coquille Homebuilders,OR,Actively Buying (0–30 days),401924,855010,3000,18,283,Mixed Use|Any,Paved Road required,Septic|Electric|Well,Cash,OR,Jackson,Medford,97501,,,
68,Faith,Mcbride,Burnt Land Ventures,OR,Actively Buying (0–30 days),445113,959555,7200,79,133,Any,Dirt Road acceptable,Well|Septic|Electric,Seller Financing,OR,Lane,Eugene,97401,Land Banking / Investment,Acquiring land as a long-term investment. Looking for properties with appreciation potential in growing corridors.,
69,Danielle,Shaw,Wallowa Property Group,OR,Medium Term (3–6 months),336179,900894,2500,23,355,Commercial|Mixed Use,Dirt Road acceptable,Electric|Not Required,Seller Financing,OR,Multnomah,Portland,97201,Residential Development,Looking to develop a residential subdivision with single-family homes. Need land with good access； utilities nearby； and favorable zoning for development.,
70,Loretta,Jennings,Owyhee Real Estate Group,OR,Short Term (1–3 months),457931,812170,2400,5,342,Unrestricted,Gravel Road acceptable,Septic|Not Required,Open to Options,OR,Multnomah,Portland,97201,Agricultural / Farming,Seeking productive agricultural land for crop production or livestock operations. Soil quality； water rights； and existing infrastructure are key.,
71,Morgan,Lopez,Coquille Home Builders,OR,Medium Term (3–6 months),224960,624448,1500,51,403,Residential,Any access OK,Not Required|Well,Seller Financing,OR,Lane,Eugene,97401,Homesteading / Off-Grid,Seeking land for self-sufficient living. Water source； solar potential； and fertile soil for gardening are priorities.,Need property with natural water feature — creek； pond； or river access.
72,Cody,Woods,Powder Land Co.,OR,Medium Term (3–6 months),427783,912307,3100,171,291,Unrestricted,Any access OK,Septic,Cash,OR,Deschutes,Bend,97701,Subdivision Development,Looking to acquire larger tracts for subdivision into smaller parcels. Road access and utility infrastructure are important.,Need property with natural water feature — creek； pond； or river access.
73,Ashley,Perkins,Cascade Land Ventures,OR,Flexible (6+ months),497200,820109,2500,79,330,Commercial|Agricultural,Gravel Road acceptable,Electric|Not Required,Open to Options,,,,,Commercial Development,Need land for commercial development. Highway frontage； utilities； and zoning flexibility are critical requirements.,Water rights and mineral rights must convey with sale.
74,Noah,Washington,Powder Real Estate Group,OR,Medium Term (3–6 months),285410,978802,2300,162,421,Agricultural,Paved Road required,Electric|Well,Conventional Loan,OR,Jackson,Medford,97501,Residential Development,Looking to develop a residential subdivision with single-family homes. Need land with good access； utilities nearby； and favorable zoning for development.,Prefer unrestricted land with no HOA or deed restrictions.
75,Linda,Coleman,Tillamook Homebuilders,OR,Medium Term (3–6 months),442727,962757,4600,118,211,Residential|Any,Paved Road required,Not Required,Cash,OR,Jackson,Medford,97501,Land Banking / Investment,Acquiring land as a long-term investment. Looking for properties with appreciation potential in growing corridors.,
76,Noah,Murphy,Snoqualmie Properties LLC,WA,Actively Buying (0–30 days),360298,779019,3000,66,259,Any,Dirt Road acceptable,Not Required,Open to Options,WA,Yakima,Yakima,98901,Custom Home Construction,Seeking land to build a custom primary residence. Want privacy； views； and enough acreage for outbuildings and outdoor living space.,
77,Willow,Judd,,WA,Actively Buying (0–30 days),635664,1480205,13500,8,110,Residential|Unrestricted,Paved Road required,Not Required|Septic,Seller Financing,WA,Yakima,Yakima,98901,,,
78,Stella,Ibarra,,WA,Medium Term (3–6 months),258101,1147359,4800,114,241,Residential,Gravel Road acceptable,Septic|Well,Cash,WA,Whatcom,Bellingham,98225,Residential Development,Looking to develop a residential subdivision with single-family homes. Need land with good access； utilities nearby； and favorable zoning for development.,Must be within 30 minutes of a major city or town.
79,Hailey,Carroll,Toutle Land Ventures,WA,Medium Term (3–6 months),701478,1319648,6800,5,194,Agricultural,Dirt Road acceptable,Electric,Cash,WA,Yakima,Yakima,98901,Conservation / Preservation,Interested in acquiring land for conservation purposes. Natural habitat； wetlands； and scenic value are the primary draw.,
80,Kirk,Kaufman,Toutle Development LLC,WA,Flexible (6+ months),729110,1369438,7800,114,176,Unrestricted|Recreational,Gravel Road acceptable,Electric|Not Required,Seller Financing,WA,Spokane,Spokane,99201,Agricultural / Farming,Seeking productive agricultural land for crop production or livestock operations. Soil quality； water rights； and existing infrastructure are key.,
81,Brandon,Pierce,Quincy Land Co.,WA,Flexible (6+ months),745914,1355454,4900,118,275,Commercial,Any access OK,Not Required,Conventional Loan,,,,,,,
82,Jessica,Castillo,Yakima Land Development,WA,Short Term (1–3 months),367850,1446214,6400,107,225,Recreational,Any access OK,Well,Conventional Loan,,,,,Custom Home Construction,Seeking land to build a custom primary residence. Want privacy； views； and enough acreage for outbuildings and outdoor living space.,Need 3-phase power available at or near the property line.
83,Steven,Blevins,Wenatchee Land Acquisitions,WA,Flexible (6+ months),310675,1030551,10300,51,100,Mixed Use,Paved Road required,Electric|Not Required|Septic,Seller Financing,WA,Yakima,Yakima,98901,Homesteading / Off-Grid,Seeking land for self-sufficient living. Water source； solar potential； and fertile soil for gardening are priorities.,Must have road frontage on a county-maintained road.
84,Sawyer,Hudson,Cowlitz Construction Co.,WA,Short Term (1–3 months),323515,1152392,4600,55,253,Unrestricted|Recreational,Dirt Road acceptable,Electric,Seller Financing,WA,King,Seattle,98101,Commercial Development,Need land for commercial development. Highway frontage； utilities； and zoning flexibility are critical requirements.,
85,Lindsey,Rogers,Swan Valley Home Development,MT,Actively Buying (0–30 days),333748,888268,500,430,1685,Any|Commercial,Dirt Road acceptable,Septic|Electric,Conventional Loan,MT,Missoula,Missoula,59801,Homesteading / Off-Grid,Seeking land for self-sufficient living. Water source； solar potential； and fertile soil for gardening are priorities.,Prefer flat to gently rolling terrain suitable for construction.
86,Tammy,Roark,,MT,Actively Buying (0–30 days),581815,1015159,500,130,1943,Residential,Gravel Road acceptable,Electric|Septic|Not Required,Cash,MT,Gallatin,Bozeman,59715,Conservation / Preservation,Interested in acquiring land for conservation purposes. Natural habitat； wetlands； and scenic value are the primary draw.,Water rights and mineral rights must convey with sale.
87,Liam,Benson,Gallatin Development Partners,MT,Medium Term (3–6 months),468086,1061425,600,613,1760,Mixed Use|Recreational,Dirt Road acceptable,Septic|Electric,Seller Financing,MT,Missoula,Missoula,59801,Custom Home Construction,Seeking land to build a custom primary residence. Want privacy； views； and enough acreage for outbuildings and outdoor living space.,
88,Christopher,Kelly,Swan Valley Development Group,MT,Short Term (1–3 months),327661,491640,300,649,1457,Mixed Use|Unrestricted,Dirt Road acceptable,Septic,Open to Options,MT,Gallatin,Bozeman,59715,Land Banking / Investment,Acquiring land as a long-term investment. Looking for properties with appreciation potential in growing corridors.,Water rights and mineral rights must convey with sale.
89,Brian,Pierce,Yellowstone Development LLC,MT,Medium Term (3–6 months),621522,1462055,900,533,1713,Unrestricted,Paved Road required,Not Required|Well|Electric,Cash,MT,Missoula,Missoula,59801,Subdivision Development,Looking to acquire larger tracts for subdivision into smaller parcels. Road access and utility infrastructure are important.,Prefer flat to gently rolling terrain suitable for construction.
90,Lily,Edwards,Highline Land Development,MT,Flexible (6+ months),204432,462313,300,462,1462,Any,Any access OK,Well|Septic,Cash,MT,Cascade,Great Falls,59401,,,
91,Ivan,Jones,Bitterroot Land Co.,MT,Flexible (6+ months),180813,960475,1500,97,624,Residential|Mixed Use,Gravel Road acceptable,Electric|Septic,Conventional Loan,MT,Missoula,Missoula,59801,Homesteading / Off-Grid,Seeking land for self-sufficient living. Water source； solar potential； and fertile soil for gardening are priorities.,
92,Michael,Yancey,Judith Basin Custom Homes,MT,Flexible (6+ months),252968,869822,400,694,1943,Residential|Agricultural,Dirt Road acceptable,Not Required,Seller Financing,MT,Missoula,Missoula,59801,Conservation / Preservation,Interested in acquiring land for conservation purposes. Natural habitat； wetlands； and scenic value are the primary draw.,
93,Colton,Norris,Selway Real Estate Group,ID,Actively Buying (0–30 days),231899,585689,3000,128,196,Unrestricted,Any access OK,Electric,Cash,,,,,,,
94,Clint,Allen,Palouse Custom Homes,ID,Actively Buying (0–30 days),341628,632192,1500,96,429,Mixed Use,Gravel Road acceptable,Septic|Electric,Seller Financing,ID,Twin Falls,Twin Falls,83301,,,
95,Glen,Tatum,Bruneau Construction Group,ID,Flexible (6+ months),340134,570596,3900,68,148,Recreational,Any access OK,Septic|Electric,Open to Options,ID,Canyon,Nampa,83651,,,
96,Pedro,Smith,Bruneau Home Development,ID,Short Term (1–3 months),360379,573510,1500,84,382,Any|Agricultural,Any access OK,Not Required,Conventional Loan,ID,Bannock,Pocatello,83201,Residential Development,Looking to develop a residential subdivision with single-family homes. Need land with good access； utilities nearby； and favorable zoning for development.,
97,Alexis,Robertson,Bruneau Land Ventures,ID,Short Term (1–3 months),316383,628936,6600,14,96,Residential|Recreational,Any access OK,Electric|Septic|Not Required,Seller Financing,ID,Bannock,Pocatello,83201,Agricultural / Farming,Seeking productive agricultural land for crop production or livestock operations. Soil quality； water rights； and existing infrastructure are key.,Prefer unrestricted land with no HOA or deed restrictions.
98,Dale,Torres,Boise River Land Holdings,ID,Short Term (1–3 months),119350,367090,800,195,479,Any|Unrestricted,Any access OK,Septic|Not Required,Open to Options,ID,Twin Falls,Twin Falls,83301,Recreational / Hunting,Looking for a recreational property for hunting； fishing； and outdoor activities. Timber； water features； and wildlife habitat are priorities.,Prefer unrestricted land with no HOA or deed restrictions.
99,Brittany,James,Lemhi Home Development,ID,Medium Term (3–6 months),176386,290790,1600,50,179,Recreational|Mixed Use,Dirt Road acceptable,Well|Septic|Electric,Cash,ID,Bonneville,Idaho Falls,83401,Conservation / Preservation,Interested in acquiring land for conservation purposes. Natural habitat； wetlands； and scenic value are the primary draw.,Must have road frontage on a county-maintained road.
100,Xavier,Johnson,Sawtooth Property Group,ID,Flexible (6+ months),192838,614538,6300,6,97,Any|Commercial,Paved Road required,Not Required,Cash,ID,Canyon,Nampa,83651,Residential Development,Looking to develop a residential subdivision with single-family homes. Need land with good access； utilities nearby； and favorable zoning for development.,Must have road frontage on a county-maintained road.
101,Faith,Anderson,Linville Development Partners,NC,Actively Buying (0–30 days),262171,616525,2700,79,228,Any|Agricultural,Gravel Road acceptable,Septic|Not Required,Open to Options,NC,Wake,Raleigh,27601,Commercial Development,Need land for commercial development. Highway frontage； utilities； and zoning flexibility are critical requirements.,Existing timber value is a plus but not required.
102,Brandon,Velasquez,,NC,Actively Buying (0–30 days),204254,494906,2000,90,247,Recreational,Paved Road required,Not Required|Septic,Cash,NC,Wake,Raleigh,27601,Homesteading / Off-Grid,Seeking land for self-sufficient living. Water source； solar potential； and fertile soil for gardening are priorities.,Existing timber value is a plus but not required.
103,Erica,Aldrich,Lumber Development Partners,NC,Medium Term (3–6 months),202016,560898,2400,115,232,Commercial,Any access OK,Electric|Septic,Conventional Loan,NC,Wake,Raleigh,27601,,,
104,Marco,Bailey,Piedmont Land Ventures,NC,Short Term (1–3 months),161985,610942,3300,109,185,Any|Recreational,Dirt Road acceptable,Septic,Open to Options,,,,,,,
105,David,Woods,Lumber Real Estate Group,NC,Short Term (1–3 months),93978,305280,2300,5,130,Unrestricted|Agricultural,Paved Road required,Well|Electric|Not Required,Conventional Loan,NC,Mecklenburg,Charlotte,28201,Commercial Development,Need land for commercial development. Highway frontage； utilities； and zoning flexibility are critical requirements.,
106,Nora,Ruiz,Lumber Home Development,NC,Flexible (6+ months),197495,609585,2200,55,280,Commercial,Dirt Road acceptable,Well,Open to Options,NC,Mecklenburg,Charlotte,28201,Land Banking / Investment,Acquiring land as a long-term investment. Looking for properties with appreciation potential in growing corridors.,Prefer unrestricted land with no HOA or deed restrictions.
107,Dolores,King,Roanoke Real Estate Group,NC,Flexible (6+ months),145005,526171,2800,56,189,Commercial,Paved Road required,Well|Not Required,Seller Financing,NC,Mecklenburg,Charlotte,28201,Residential Development,Looking to develop a residential subdivision with single-family homes. Need land with good access； utilities nearby； and favorable zoning for development.,
108,Zoey,Sanchez,Watauga Home Builders,NC,Medium Term (3–6 months),345280,532897,1900,32,278,Residential|Agricultural,Dirt Road acceptable,Well,Cash,NC,New Hanover,Wilmington,28401,Subdivision Development,Looking to acquire larger tracts for subdivision into smaller parcels. Road access and utility infrastructure are important.,Need 3-phase power available at or near the property line.
109,Elizabeth,Wilson,Reedy Development LLC,SC,Actively Buying (0–30 days),275271,558090,1900,42,297,Commercial|Unrestricted,Any access OK,Electric|Well|Septic,Cash,SC,Spartanburg,Spartanburg,29301,,,
110,Morgan,Wiggins,Reedy Land Holdings,SC,Medium Term (3–6 months),156237,502081,2400,21,208,Any|Recreational,Gravel Road acceptable,Septic,Conventional Loan,SC,Greenville,Greenville,29601,Recreational / Hunting,Looking for a recreational property for hunting； fishing； and outdoor activities. Timber； water features； and wildlife habitat are priorities.,Need 3-phase power available at or near the property line.
111,Garrett,Kelley,Salkehatchie Land Holdings,SC,Flexible (6+ months),168232,538650,1100,187,479,Residential|Unrestricted,Dirt Road acceptable,Well|Not Required|Septic,Cash,SC,Charleston,Charleston,29401,,,
112,Steven,Bradley,Black River Real Estate Group,SC,Short Term (1–3 months),77961,183885,700,31,255,Recreational,Paved Road required,Well,Conventional Loan,SC,Charleston,Charleston,29401,Subdivision Development,Looking to acquire larger tracts for subdivision into smaller parcels. Road access and utility infrastructure are important.,Needs existing water well or reliable water source on property.
113,Reid,Cox,,SC,Short Term (1–3 months),283667,593027,4100,32,145,Commercial|Recreational,Gravel Road acceptable,Not Required|Electric,Open to Options,SC,Greenville,Greenville,29601,Conservation / Preservation,Interested in acquiring land for conservation purposes. Natural habitat； wetlands； and scenic value are the primary draw.,Must be within 30 minutes of a major city or town.
114,Elizabeth,Lee,Lowcountry Properties LLC,SC,Flexible (6+ months),113116,438689,1900,121,236,Residential,Dirt Road acceptable,Septic|Not Required,Seller Financing,SC,Horry,Myrtle Beach,29577,Subdivision Development,Looking to acquire larger tracts for subdivision into smaller parcels. Road access and utility infrastructure are important.,Looking for properties with existing structures or improvements.
115,Savannah,Sewell,Muddy Boggy Homebuilders,OK,Actively Buying (0–30 days),84331,330505,500,134,679,Recreational|Mixed Use,Dirt Road acceptable,Septic|Well,Seller Financing,OK,Garfield,Enid,73701,Recreational / Hunting,Looking for a recreational property for hunting； fishing； and outdoor activities. Timber； water features； and wildlife habitat are priorities.,Must have road frontage on a county-maintained road.
116,Clint,Hart,,OK,Flexible (6+ months),169406,461696,600,243,829,Residential,Any access OK,Not Required,Seller Financing,OK,Oklahoma,Oklahoma City,73101,Homesteading / Off-Grid,Seeking land for self-sufficient living. Water source； solar potential； and fertile soil for gardening are priorities.,Must have road frontage on a county-maintained road.
117,Colton,Reyes,Gloss Mountain Land Acquisitions,OK,Medium Term (3–6 months),91125,340128,400,59,787,Recreational|Mixed Use,Paved Road required,Electric|Not Required,Open to Options,OK,Oklahoma,Oklahoma City,73101,Residential Development,Looking to develop a residential subdivision with single-family homes. Need land with good access； utilities nearby； and favorable zoning for development.,Existing timber value is a plus but not required.
118,Scarlett,Ford,,OK,Short Term (1–3 months),106905,483231,500,55,921,Any,Dirt Road acceptable,Septic,Cash,OK,Oklahoma,Oklahoma City,73101,Agricultural / Farming,Seeking productive agricultural land for crop production or livestock operations. Soil quality； water rights； and existing infrastructure are key.,
119,Joseph,Fox,Washita Realty Group,OK,Medium Term (3–6 months),83761,193633,900,42,212,Commercial,Gravel Road acceptable,Well,Conventional Loan,OK,Tulsa,Tulsa,74101,Agricultural / Farming,Seeking productive agricultural land for crop production or livestock operations. Soil quality； water rights； and existing infrastructure are key.,Needs existing water well or reliable water source on property.
120,Edward,Miller,Verdigris Real Estate Group,OK,Medium Term (3–6 months),136179,356420,400,376,997,Commercial,Dirt Road acceptable,Well,Open to Options,OK,Tulsa,Tulsa,74101,Custom Home Construction,Seeking land to build a custom primary residence. Want privacy； views； and enough acreage for outbuildings and outdoor living space.,
121,Brooks,Isbell,Cloud Peak Building Group,WY,Actively Buying (0–30 days),184431,397707,300,697,1154,Residential,Paved Road required,Not Required|Electric,Cash,WY,Natrona,Casper,82601,,,
122,Vicki,Lott,Tongue River Land Partners,WY,Medium Term (3–6 months),454940,753023,600,545,1332,Agricultural,Dirt Road acceptable,Electric|Well|Septic,Cash,WY,Teton,Jackson,83001,Subdivision Development,Looking to acquire larger tracts for subdivision into smaller parcels. Road access and utility infrastructure are important.,Need 3-phase power available at or near the property line.
123,Margaret,Sullivan,Platte River Development Partners,WY,Flexible (6+ months),283210,986643,800,787,1232,Mixed Use|Recreational,Dirt Road acceptable,Not Required,Open to Options,WY,Campbell,Gillette,82716,Subdivision Development,Looking to acquire larger tracts for subdivision into smaller parcels. Road access and utility infrastructure are important.,Needs existing water well or reliable water source on property.
124,Easton,Brown,Gros Ventre Land Holdings,WY,Flexible (6+ months),317676,703781,900,152,798,Agricultural,Gravel Road acceptable,Electric,Open to Options,WY,Natrona,Casper,82601,Residential Development,Looking to develop a residential subdivision with single-family homes. Need land with good access； utilities nearby； and favorable zoning for development.,Must have road frontage on a county-maintained road.
125,Harper,Robinson,,WY,Flexible (6+ months),276552,889717,1000,217,876,Mixed Use,Any access OK,Well,Conventional Loan,WY,Natrona,Casper,82601,Recreational / Hunting,Looking for a recreational property for hunting； fishing； and outdoor activities. Timber； water features； and wildlife habitat are priorities.,Needs existing water well or reliable water source on property.
126,Donald,Webb,Powder River Development Partners,WY,Flexible (6+ months),441293,918085,700,397,1248,Mixed Use,Gravel Road acceptable,Septic,Seller Financing,WY,Teton,Jackson,83001,Land Banking / Investment,Acquiring land as a long-term investment. Looking for properties with appreciation potential in growing corridors.,
127,Roy,Harper,Kentucky River Home Builders,KY,Actively Buying (0–30 days),55483,140808,400,124,336,Mixed Use,Paved Road required,Well|Electric,Cash,KY,Fayette,Lexington,40501,Residential Development,Looking to develop a residential subdivision with single-family homes. Need land with good access； utilities nearby； and favorable zoning for development.,Must be within 30 minutes of a major city or town.
128,Andrew,Harrison,Bluegrass Development LLC,KY,Medium Term (3–6 months),230657,399596,1200,131,325,Unrestricted|Commercial,Paved Road required,Septic|Electric,Seller Financing,KY,Fayette,Lexington,40501,Conservation / Preservation,Interested in acquiring land for conservation purposes. Natural habitat； wetlands； and scenic value are the primary draw.,
129,Juan,Smith,Tradewater Land Partners,KY,Flexible (6+ months),242851,443192,1200,25,369,Agricultural,Paved Road required,Well,Conventional Loan,KY,Daviess,Owensboro,42301,Land Banking / Investment,Acquiring land as a long-term investment. Looking for properties with appreciation potential in growing corridors.,Must have road frontage on a county-maintained road.
130,Donna,Quinn,Clarks Land Holdings,KY,Medium Term (3–6 months),183199,360743,700,185,522,Agricultural,Paved Road required,Not Required|Electric|Septic,Seller Financing,KY,Kenton,Covington,41011,Custom Home Construction,Seeking land to build a custom primary residence. Want privacy； views； and enough acreage for outbuildings and outdoor living space.,Must have road frontage on a county-maintained road.
131,Noah,Taylor,Big Sandy Real Estate Group,KY,Medium Term (3–6 months),64581,322328,800,129,415,Recreational|Mixed Use,Paved Road required,Septic|Electric|Well,Seller Financing,KY,Warren,Bowling Green,42101,Land Banking / Investment,Acquiring land as a long-term investment. Looking for properties with appreciation potential in growing corridors.,Must have road frontage on a county-maintained road.
132,Cesar,Carter,Solomon River Property Group,KS,Actively Buying (0–30 days),188385,286637,300,229,1100,Mixed Use|Agricultural,Gravel Road acceptable,Not Required|Well|Electric,Seller Financing,KS,Johnson,Overland Park,66201,Conservation / Preservation,Interested in acquiring land for conservation purposes. Natural habitat； wetlands； and scenic value are the primary draw.,
133,Andrew,Christensen,Arkansas River Land Holdings,KS,Medium Term (3–6 months),156137,315970,200,781,1395,Any|Commercial,Paved Road required,Septic|Electric|Well,Conventional Loan,KS,Saline,Salina,67401,Custom Home Construction,Seeking land to build a custom primary residence. Want privacy； views； and enough acreage for outbuildings and outdoor living space.,
134,Sheila,Peterson,Big Blue Land Acquisitions,KS,Short Term (1–3 months),167570,445515,300,630,1691,Commercial,Dirt Road acceptable,Septic|Well,Conventional Loan,KS,Riley,Manhattan,66502,,,
135,Wanda,Sims,Big Blue Construction Group,KS,Medium Term (3–6 months),212792,356395,200,651,1889,Unrestricted,Paved Road required,Well,Cash,KS,Riley,Manhattan,66502,,,
136,Dustin,Sullivan,Verdigris Custom Homes,KS,Medium Term (3–6 months),165790,473893,1700,158,282,Any,Any access OK,Electric|Not Required,Open to Options,KS,Saline,Salina,67401,,,
137,George,Engle,Olentangy Home Development,OH,Actively Buying (0–30 days),89677,379051,2100,59,184,Residential,Any access OK,Not Required|Well,Conventional Loan,OH,Hamilton,Cincinnati,45201,Conservation / Preservation,Interested in acquiring land for conservation purposes. Natural habitat； wetlands； and scenic value are the primary draw.,Prefer flat to gently rolling terrain suitable for construction.
138,Lisa,Hicks,,OH,Flexible (6+ months),129040,307045,7700,13,40,Unrestricted,Any access OK,Not Required,Seller Financing,OH,Hamilton,Cincinnati,45201,Agricultural / Farming,Seeking productive agricultural land for crop production or livestock operations. Soil quality； water rights； and existing infrastructure are key.,
139,Avery,Faulkner,Auglaize Development LLC,OH,Flexible (6+ months),181791,340543,1500,96,222,Agricultural,Gravel Road acceptable,Electric|Septic|Well,Conventional Loan,OH,Lucas,Toledo,43601,Subdivision Development,Looking to acquire larger tracts for subdivision into smaller parcels. Road access and utility infrastructure are important.,Must be within 30 minutes of a major city or town.
140,Nathan,Pryor,Hocking Land Partners,OH,Flexible (6+ months),83698,329311,1500,99,221,Any,Any access OK,Septic|Not Required|Electric,Open to Options,OH,Franklin,Columbus,43201,Homesteading / Off-Grid,Seeking land for self-sufficient living. Water source； solar potential； and fertile soil for gardening are priorities.,Need property with natural water feature — creek； pond； or river access.
141,Alejandro,Lewis,Vermilion Land Partners,OH,Flexible (6+ months),104738,282377,1500,10,189,Any,Dirt Road acceptable,Septic|Electric,Cash,OH,Franklin,Columbus,43201,Commercial Development,Need land for commercial development. Highway frontage； utilities； and zoning flexibility are critical requirements.,Water rights and mineral rights must convey with sale.
142,Isabella,McDonald,Bill Williams Land Acquisitions,AZ,Actively Buying (0–30 days),78210,591403,7200,42,82,Recreational,Dirt Road acceptable,Septic|Electric,Conventional Loan,AZ,Pima,Tucson,85701,,,
143,Erica,Aldrich,Kaibab Land Holdings,AZ,Short Term (1–3 months),217284,329383,1400,102,237,Unrestricted|Any,Dirt Road acceptable,Well|Electric,Cash,AZ,Yavapai,Prescott,86301,Conservation / Preservation,Interested in acquiring land for conservation purposes. Natural habitat； wetlands； and scenic value are the primary draw.,
144,Mason,Marshall,Black Mesa Realty Group,AZ,Flexible (6+ months),252723,497633,3900,23,127,Unrestricted,Paved Road required,Septic,Conventional Loan,AZ,Coconino,Flagstaff,86001,Custom Home Construction,Seeking land to build a custom primary residence. Want privacy； views； and enough acreage for outbuildings and outdoor living space.,Must be within 30 minutes of a major city or town.
145,Bobbie,Torres,Coconino Land Development,AZ,Medium Term (3–6 months),150830,589085,2900,60,203,Recreational|Any,Any access OK,Well|Electric,Open to Options,AZ,Coconino,Flagstaff,86001,Recreational / Hunting,Looking for a recreational property for hunting； fishing； and outdoor activities. Timber； water features； and wildlife habitat are priorities.,
146,Charles,Gonzalez,Amargosa Land Acquisitions,NV,Actively Buying (0–30 days),107870,366301,3400,60,109,Mixed Use,Paved Road required,Well|Septic,Open to Options,NV,Elko,Elko,89801,Recreational / Hunting,Looking for a recreational property for hunting； fishing； and outdoor activities. Timber； water features； and wildlife habitat are priorities.,Prefer flat to gently rolling terrain suitable for construction.
147,Luis,Mack,Humboldt Custom Homes,NV,Flexible (6+ months),82316,197101,700,92,301,Mixed Use|Commercial,Paved Road required,Not Required,Cash,NV,Carson City,Carson City,89701,Conservation / Preservation,Interested in acquiring land for conservation purposes. Natural habitat； wetlands； and scenic value are the primary draw.,
148,Barbara,Griffin,Basin Range Realty Group,NV,Short Term (1–3 months),194340,598902,5400,65,111,Commercial,Any access OK,Not Required|Electric,Conventional Loan,,,,,Recreational / Hunting,Looking for a recreational property for hunting； fishing； and outdoor activities. Timber； water features； and wildlife habitat are priorities.,
149,Carlos,Barnes,Gila Development LLC,NM,Actively Buying (0–30 days),116227,556515,800,279,695,Agricultural|Recreational,Dirt Road acceptable,Electric|Not Required,Cash,,,,,Residential Development,Looking to develop a residential subdivision with single-family homes. Need land with good access； utilities nearby； and favorable zoning for development.,Existing timber value is a plus but not required.
150,Brittany,Myers,,NM,Short Term (1–3 months),161751,261786,600,195,407,Commercial,Gravel Road acceptable,Not Required|Electric,Cash,NM,Bernalillo,Albuquerque,87101,Conservation / Preservation,Interested in acquiring land for conservation purposes. Natural habitat； wetlands； and scenic value are the primary draw.,Must be within 30 minutes of a major city or town.
151,Travis,Upshaw,Tularosa Land Development,NM,Medium Term (3–6 months),277973,563180,2600,37,217,Commercial,Paved Road required,Well,Seller Financing,NM,Santa Fe,Santa Fe,87501,Subdivision Development,Looking to acquire larger tracts for subdivision into smaller parcels. Road access and utility infrastructure are important.,Looking for properties with existing structures or improvements.
152,Abigail,Jordan,Flint Home Development,GA,Actively Buying (0–30 days),149402,250378,600,189,386,Commercial,Paved Road required,Not Required|Electric|Well,Conventional Loan,GA,Chatham,Savannah,31401,,,
153,Sierra,Gonzales,Oconee Land Development,GA,Short Term (1–3 months),271368,542767,1300,61,410,Recreational,Paved Road required,Not Required,Cash,GA,Fulton,Atlanta,30301,Custom Home Construction,Seeking land to build a custom primary residence. Want privacy； views； and enough acreage for outbuildings and outdoor living space.,Must have road frontage on a county-maintained road.
154,Crystal,Freeman,Tallapoosa Development LLC,GA,Short Term (1–3 months),135485,554021,1300,166,413,Mixed Use,Gravel Road acceptable,Not Required,Seller Financing,GA,Richmond,Augusta,30901,Commercial Development,Need land for commercial development. Highway frontage； utilities； and zoning flexibility are critical requirements.,Prefer unrestricted land with no HOA or deed restrictions.
155,Hannah,Whitfield,Sequatchie Homebuilders,TN,Actively Buying (0–30 days),75796,148500,700,107,225,Commercial|Recreational,Paved Road required,Electric,Cash,TN,County,Fairview,12347,,,
156,Emily,Pierce,Buffalo River Homebuilders,TN,Medium Term (3–6 months),87831,435011,1300,79,344,Agricultural,Dirt Road acceptable,Well|Not Required,Seller Financing,TN,County,Riverside,12346,Custom Home Construction,Seeking land to build a custom primary residence. Want privacy； views； and enough acreage for outbuildings and outdoor living space.,Needs existing water well or reliable water source on property.
157,Reid,Lawrence,,AL,Actively Buying (0–30 days),68700,160790,400,145,371,Agricultural,Dirt Road acceptable,Septic|Electric,Open to Options,AL,County,Fairview,12347,Recreational / Hunting,Looking for a recreational property for hunting； fishing； and outdoor activities. Timber； water features； and wildlife habitat are priorities.,Must be within 30 minutes of a major city or town.
158,Timothy,Gray,,AL,Flexible (6+ months),195703,349308,900,31,386,Any,Any access OK,Septic,Seller Financing,AL,County,Fairview,12347,Custom Home Construction,Seeking land to build a custom primary residence. Want privacy； views； and enough acreage for outbuildings and outdoor living space.,Must have road frontage on a county-maintained road.
159,Emmett,Alexander,Leaf River Land Acquisitions,MS,Actively Buying (0–30 days),31765,270908,800,57,355,Commercial,Any access OK,Electric,Open to Options,MS,County,Fairview,12347,Homesteading / Off-Grid,Seeking land for self-sufficient living. Water source； solar potential； and fertile soil for gardening are priorities.,
160,Crystal,Graham,Leaf River Construction Group,MS,Flexible (6+ months),104167,289935,2300,80,128,Recreational,Any access OK,Well|Electric,Cash,MS,County,Riverside,12346,Commercial Development,Need land for commercial development. Highway frontage； utilities； and zoning flexibility are critical requirements.,Needs existing water well or reliable water source on property.
161,Megan,Thorne,Black River Land Co.,AR,Actively Buying (0–30 days),155427,314430,800,219,407,Recreational,Gravel Road acceptable,Well|Not Required|Septic,Open to Options,AR,County,Fairview,12347,Conservation / Preservation,Interested in acquiring land for conservation purposes. Natural habitat； wetlands； and scenic value are the primary draw.,Need property with natural water feature — creek； pond； or river access.
162,Olivia,McDonald,Ozark Development Group,AR,Short Term (1–3 months),99497,332082,1400,118,244,Agricultural,Paved Road required,Well|Septic|Not Required,Cash,AR,County,Riverside,12346,Agricultural / Farming,Seeking productive agricultural land for crop production or livestock operations. Soil quality； water rights； and existing infrastructure are key.,
163,Brian,Howard,,MO,Actively Buying (0–30 days),243262,449916,800,222,591,Any,Any access OK,Not Required|Septic|Well,Open to Options,MO,County,Riverside,12346,Residential Development,Looking to develop a residential subdivision with single-family homes. Need land with good access； utilities nearby； and favorable zoning for development.,
164,George,Hill,Jacks Fork Building Group,MO,Short Term (1–3 months),105750,342862,600,55,549,Mixed Use,Dirt Road acceptable,Septic|Well,Seller Financing,MO,County,Springfield,12345,Homesteading / Off-Grid,Seeking land for self-sufficient living. Water source； solar potential； and fertile soil for gardening are priorities.,
165,Donna,Crawford,Tippecanoe Land Partners,IN,Medium Term (3–6 months),332870,689374,1600,95,425,Recreational,Paved Road required,Septic,Open to Options,IN,County,Fairview,12347,Subdivision Development,Looking to acquire larger tracts for subdivision into smaller parcels. Road access and utility infrastructure are important.,
166,Janice,Jenkins,,IL,Medium Term (3–6 months),329235,797891,2200,58,370,Residential,Any access OK,Septic|Not Required,Seller Financing,IL,County,Riverside,12346,Conservation / Preservation,Interested in acquiring land for conservation purposes. Natural habitat； wetlands； and scenic value are the primary draw.,Prefer flat to gently rolling terrain suitable for construction.
167,Lance,Stevens,Kalamazoo Home Development,MI,Flexible (6+ months),88852,344514,3100,69,112,Agricultural|Residential,Paved Road required,Well,Conventional Loan,,,,,Custom Home Construction,Seeking land to build a custom primary residence. Want privacy； views； and enough acreage for outbuildings and outdoor living space.,
168,Hector,Larson,Baraboo Land Acquisitions,WI,Flexible (6+ months),213727,395316,900,20,424,Mixed Use,Gravel Road acceptable,Well,Cash,WI,County,Springfield,12345,,,
169,Heather,Marshall,Rainy Lake Home Development,MN,Short Term (1–3 months),231794,402545,700,128,550,Residential,Paved Road required,Electric,Cash,MN,County,Fairview,12347,Custom Home Construction,Seeking land to build a custom primary residence. Want privacy； views； and enough acreage for outbuildings and outdoor living space.,Must be within 30 minutes of a major city or town.
170,Gail,Jones,Raccoon River Land Ventures,IA,Short Term (1–3 months),74113,477817,400,404,1291,Commercial,Paved Road required,Septic,Open to Options,IA,County,Springfield,12345,Recreational / Hunting,Looking for a recreational property for hunting； fishing； and outdoor activities. Timber； water features； and wildlife habitat are priorities.,Need 3-phase power available at or near the property line.
171,Fernando,Mason,Loup Properties LLC,NE,Medium Term (3–6 months),154698,407980,200,344,1673,Commercial,Gravel Road acceptable,Septic,Conventional Loan,NE,County,Fairview,12347,Subdivision Development,Looking to acquire larger tracts for subdivision into smaller parcels. Road access and utility infrastructure are important.,Water rights and mineral rights must convey with sale.
172,Richard,Watt,Big Sioux Building Group,SD,Flexible (6+ months),221276,452936,600,83,734,Residential,Dirt Road acceptable,Electric,Seller Financing,SD,County,Springfield,12345,Residential Development,Looking to develop a residential subdivision with single-family homes. Need land with good access； utilities nearby； and favorable zoning for development.,Must be within 30 minutes of a major city or town.
173,Dale,Underwood,Cannonball Land Ventures,ND,Short Term (1–3 months),117132,400423,500,221,851,Agricultural,Paved Road required,Well|Not Required,Open to Options,ND,County,Riverside,12346,Homesteading / Off-Grid,Seeking land for self-sufficient living. Water source； solar potential； and fertile soil for gardening are priorities.,Must be within 30 minutes of a major city or town.
174,Tanner,King,,VA,Medium Term (3–6 months),495933,883157,2500,41,359,Any|Agricultural,Any access OK,Septic|Electric,Seller Financing,VA,County,Springfield,12345,Homesteading / Off-Grid,Seeking land for self-sufficient living. Water source； solar potential； and fertile soil for gardening are priorities.,
175,James,Sutton,Greenbrier Land Holdings,WV,Medium Term (3–6 months),253783,726443,1300,193,566,Mixed Use|Residential,Any access OK,Well|Septic|Electric,Seller Financing,WV,County,Fairview,12347,,,
176,Richard,Isbell,Clarion Land Partners,PA,Flexible (6+ months),294999,596260,1000,218,590,Residential,Paved Road required,Not Required|Septic,Cash,PA,County,Springfield,12345,Homesteading / Off-Grid,Seeking land for self-sufficient living. Water source； solar potential； and fertile soil for gardening are priorities.,Prefer flat to gently rolling terrain suitable for construction.
177,Beau,Davis,Catskill Homebuilders,NY,Flexible (6+ months),321939,761260,1800,58,414,Agricultural|Residential,Gravel Road acceptable,Electric|Not Required,Conventional Loan,NY,County,Springfield,12345,,,
178,Timothy,Holloway,Hackensack Construction Co.,NJ,Medium Term (3–6 months),549302,1889452,78700,5,24,Any,Dirt Road acceptable,Well|Septic,Conventional Loan,NJ,County,Riverside,12346,,,
179,Lindsey,Thomas,Pocomoke Realty Group,MD,Short Term (1–3 months),338788,662458,3500,67,187,Any,Gravel Road acceptable,Electric|Well,Seller Financing,MD,County,Springfield,12345,Commercial Development,Need land for commercial development. Highway frontage； utilities； and zoning flexibility are critical requirements.,Prefer flat to gently rolling terrain suitable for construction.
180,Nicole,Mobley,Nanticoke Land Acquisitions,DE,Short Term (1–3 months),288199,586850,1300,205,465,Residential|Mixed Use,Paved Road required,Well|Not Required,Open to Options,DE,County,Springfield,12345,Subdivision Development,Looking to acquire larger tracts for subdivision into smaller parcels. Road access and utility infrastructure are important.,Existing timber value is a plus but not required.
181,Lane,Butler,Winooski Properties LLC,VT,Flexible (6+ months),128833,730738,2200,127,337,Mixed Use,Dirt Road acceptable,Well|Electric|Not Required,Cash,VT,County,Springfield,12345,,,
182,Willow,Engle,Connecticut River Development Group,MA,Flexible (6+ months),150112,456873,800,192,597,Agricultural,Any access OK,Well|Septic,Open to Options,MA,County,Riverside,12346,Custom Home Construction,Seeking land to build a custom primary residence. Want privacy； views； and enough acreage for outbuildings and outdoor living space.,
183,Kelsey,Ferguson,Tanana Property Group,AK,Medium Term (3–6 months),280608,555567,700,211,773,Any|Unrestricted,Gravel Road acceptable,Electric,Seller Financing,AK,County,Riverside,12346,Commercial Development,Need land for commercial development. Highway frontage； utilities； and zoning flexibility are critical requirements.,Water rights and mineral rights must convey with sale.
184,Eduardo,Perry,Hamakua Land Holdings,HI,Medium Term (3–6 months),2331164,4780647,682900,3,7,Unrestricted,Paved Road required,Well,Conventional Loan,HI,County,Fairview,12347,Residential Development,Looking to develop a residential subdivision with single-family homes. Need land with good access； utilities nearby； and favorable zoning for development.,Need property with natural water feature — creek； pond； or river access.
185,Caleb,Bauer,Calcasieu Land Holdings,LA,Medium Term (3–6 months),106309,310813,1400,68,221,Recreational|Agricultural,Gravel Road acceptable,Electric|Well,Cash,,,,,Custom Home Construction,Seeking land to build a custom primary residence. Want privacy； views； and enough acreage for outbuildings and outdoor living space.,Existing timber value is a plus but not required.
