opportunityType,address,zip,ownerName,zoning,lotSqft,publicResidentialYearBuilt,publicResidentialArea,publicImprovementValue,assessedTotal,lastSaleDate,lastSalePrice,growthScore,nearbyPermitsHalfMile,nearbyPermitsOneMile,growthNeighborhood,apn,lat,lng
"old_house_teardown_candidate","859 S YORK ST, DENVER, CO 80209-4646","80209-4646","RIDDER,JENNIFER","U-SU-C","6250","1895","2220","703400","2108900","2021","1550000","3159","199","506","Washington Park","514413017000","39.700949070868106","-104.96081728423044"
"old_house_teardown_candidate","2015 N MEADE ST, DENVER, CO 80211-5059","80211-5059","BENSON,RICHARD","U-SU-C1","6350","1890","1572","132900","924800","1992","115000","3103","173","457","West Colfax","231147007000","39.7478463553635","-105.03614922087723"
"old_house_teardown_candidate","1026 S VINE ST, DENVER, CO 80209-4623","80209-4623","WILLIAMS,JAMES L","U-SU-C","6300","1900","1470","1000","1347600","2010","417000","3069","160","505","Washington Park","514426004000","39.69784403625057","-104.96259258257184"
"old_house_teardown_candidate","1036 S RACE ST, DENVER, CO 80209-4613","80209-4613","LIU,ANDREW H","U-SU-C","6300","1898","1839","1000","1324000","2009","0","3062","151","508","Washington Park","514425005000","39.69768809413957","-104.96375059752343"
"old_house_teardown_candidate","1049 S RACE ST, DENVER, CO 80209-4612","80209-4612","HEPP,LISA M","U-SU-C","6300","1896","2583","685400","2102900","2022","2100000","3049","141","510","Washington Park","514424018000","39.69743376129872","-104.96441119766227"
"old_house_teardown_candidate","1017 S RACE ST, DENVER, CO 80209-4612","80209-4612","MANALO,DENNIS HERRIN","U-SU-C","6300","1892","2819","949900","2367400","2019","1675000","3033","145","505","Washington Park","514424022000","39.69798261731286","-104.96441154705401"
"old_house_teardown_candidate","1018 S YORK ST, DENVER, CO 80209-4651","80209-4651","BARTLEY,HAROLD E & CAROL D","U-SU-C","7870","1898","3064","53200","1634700","2004","574900","3026","173","492","Washington Park","514428003000","39.69793654792956","-104.960219570541"
"old_house_teardown_candidate","995 S GAYLORD ST, DENVER, CO 80209-4633","80209-4633","NEWSOME,TROY ROBERT","U-SU-C","6300","1905","3187","1598500","2945100","2010","595000","3023","169","493","Washington Park","514417015000","39.69856023513599","-104.9620792721157"
"old_house_teardown_candidate","1018 S WILLIAMS ST, DENVER, CO 80209-4545","80209-4545","WOLBERG,MITCHELL IAN","U-SU-C","6300","1896","2363","62900","1480400","1990","0","3020","145","502","Washington Park","514423003000","39.69798383724615","-104.96606701260957"
"old_house_teardown_candidate","1015 S UNIVERSITY BLVD, DENVER, CO 80209-4736","80209-4736","FITZGERALD,KEVIN T","U-SU-C","9750","1893","2157","157600","811200","2005","0","2999","174","487","Washington Park","514428020000","39.69808361355033","-104.95976572422568"
"old_house_teardown_candidate","715 S HIGH ST, DENVER, CO 80209-4528","80209-4528","BAGAL,AJAY","U-SU-C","6870","1893","1991","1000","1407800","2011","525000","2987","192","473","Washington Park","514406029000","39.7034544706171","-104.9655396007898"
"old_house_teardown_candidate","1111 S GAYLORD ST, DENVER, CO 80210-1826","80210-1826","THOMPSON,JILL","U-SU-C","6300","1905","1260","1000","1324000","2013","590000","2987","147","497","Washington Park","523103023000","39.69630861130989","-104.96212280788066"
"old_house_teardown_candidate","725 S HIGH ST, DENVER, CO 80209-4528","80209-4528","HUGHES,JOSEPH P","U-SU-C","9370","1898","3327","435000","2209300","2012","1045000","2981","186","475","Washington Park","514406023000","39.70325919613711","-104.96552536032388"
"old_house_teardown_candidate","1160 S GAYLORD ST, DENVER, CO 80210-1827","80210-1827","WILLIAMS,AKIKO I & EDWARD P","U-SU-C","6300","1905","2228","1000","1324000","1988","0","2976","147","494","Washington Park","523102008000","39.69548391361157","-104.96144719131756"
"old_house_teardown_candidate","1064 S YORK ST, DENVER, CO 80209-4651","80209-4651","FLOYD,SUSAN W","U-SU-C","6300","1894","2122","60900","1407500","2005","0","2967","174","481","Washington Park","514428009000","39.69715618462514","-104.96027596024028"
"old_house_teardown_candidate","1132 S GAYLORD ST, DENVER, CO 80210-1827","80210-1827","BAYANI-RAD,AMIR H","U-SU-C","6300","1905","1649","1000","1324000","1997","240000","2961","157","487","Washington Park","523102005000","39.69589594778","-104.9614452989073"
"old_house_teardown_candidate","1174 S GAYLORD ST, DENVER, CO 80210-1827","80210-1827","NICHOLS,JOHN M III","U-SU-C","6300","1905","2026","487400","1810400","2019","1020000","2959","145","492","Washington Park","523102010000","39.695208941630426","-104.96144739799027"
"old_house_teardown_candidate","1045 S UNIVERSITY BLVD, DENVER, CO 80209-4736","80209-4736","MAYFIELD,LINDSAY","U-SU-C","7800","1900","2677","749900","1301200","2022","1350000","2958","175","479","Washington Park","514428017000","39.697405716075444","-104.95976533776988"
"old_house_teardown_candidate","642 S WILLIAMS ST, DENVER, CO 80209-4537","80209-4537","CRIPPEN,LORETTA JO","U-SU-C","6240","1880","2021","1000","1404100","2020","0","2947","188","466","Washington Park","514125007000","39.70485855201557","-104.96605710694571"
"old_house_teardown_candidate","1123 S YORK ST, DENVER, CO 80210-1910","80210-1910","SALOIS,RENEE","U-SU-C","6300","1901","2118","1000","1324000","2005","410000","2946","163","482","Washington Park","523102021000","39.696165263828775","-104.96096432434099"
"old_house_teardown_candidate","2319 E MISSISSIPPI AVE, DENVER, CO 80210-1905","80210-1905","ZIEGENHAGEN,JED","PUD","9450","1894","3019","35200","1853100","2014","720000","2941","168","479","Washington Park","514428012000","39.69675760491745","-104.96026862505512"
"old_house_teardown_candidate","1169 S YORK ST, DENVER, CO 80210-1910","80210-1910","FLETCHER,TODD R & JANE K","U-SU-C","6300","1904","3016","376500","1699500","2011","385000","2933","150","485","Washington Park","523102014000","39.6951946117888","-104.9609828244742"
"old_house_teardown_candidate","1209 S VINE ST, DENVER, CO 80210-1819","80210-1819","LUYTEN,DYLAN R","U-SU-C","6300","1905","2419","491400","1751400","2011","0","2915","133","489","Washington Park","523111018000","39.694495320440105","-104.96327763584657"
"old_house_teardown_candidate","1217 S VINE ST, DENVER, CO 80210-1819","80210-1819","BAYS,TINA I","U-SU-C","6300","1905","1487","1000","1261000","2012","0","2906","132","488","Washington Park","523111017000","39.69436536301545","-104.96327838567156"
"old_house_teardown_candidate","1277 S GAYLORD ST, DENVER, CO 80210-1828","80210-1828","LUCKS,GAIL KIEFER","U-SU-C","6300","1905","2608","792800","2052800","2020","10","2858","129","481","Washington Park","523112015000","39.69339885442823","-104.962075964589"
"old_house_teardown_candidate","1405 N KING ST, DENVER, CO 80204-1643","80204-1643","WARNER,CHARLES E","G-RH-3","6250","1893","2120","307000","869200","2002","10","2852","175","404","West Colfax","505209011000","39.738649954354","-105.03379282148698"
"old_house_teardown_candidate","1242 S GAYLORD ST, DENVER, CO 80210-1829","80210-1829","LAMPE,EMILY","U-SU-C","6300","1905","2157","526300","1786300","2017","895000","2844","137","474","Washington Park","523113006000","39.693954890435","-104.96145156388559"
"old_house_teardown_candidate","1261 S GAYLORD ST, DENVER, CO 80210-1828","80210-1828","HERONEMA,RALPH","U-SU-C","6300","1900","1991","1000","1261000","2019","10","2825","131","474","Washington Park","523112017000","39.693682499623996","-104.9621235113691"
"old_house_teardown_candidate","2011 N QUITMAN ST, DENVER, CO 80212-1111","80212-1111","TOMSICK,TERRY","U-SU-C1","14500","1890","2404","1000","2312700","1999","421000","2822","95","448","West Colfax","231151005000","39.74787537395421","-105.04079403988185"
"old_house_teardown_candidate","3617 N CLAY ST, DENVER, CO 80211-2831","80211-2831","KANNBERG,KERRIE BETH","U-TU-B","8600","1903","1828","318300","993400","2021","875000","2822","102","458","Highland","229109021000","39.76738179217","-105.02101326665942"
"old_house_teardown_candidate","2834 W 37TH AVE, DENVER, CO 80211-2826","80211-2826","GROHMANN,NATHAN CARL","U-TU-B","7780","1905","1944","961900","1583300","2020","1485000","2821","81","469","Highland","229108017000","39.767752318264755","-105.02292195033351"
"old_house_teardown_candidate","3623 N CLAY ST, DENVER, CO 80211-2831","80211-2831","CONKLIN,PAIGE","U-TU-B","8600","1895","2428","974600","1649700","2019","660000","2815","104","456","Highland","229109022000","39.767521236187","-105.0209355626029"
"old_house_teardown_candidate","3618 N DECATUR ST, DENVER, CO 80211-2838","80211-2838","JONES,JEFFREY DAVID","U-TU-B","8600","1885","1361","337500","1012600","2016","670000","2802","99","456","Highland","229109012000","39.76738055823542","-105.02171122577056"
"old_house_teardown_candidate","2857 W 37TH AVE, DENVER, CO 80211-2825","80211-2825","SARAPURA,VIRGINIA D","U-TU-B","7490","1900","880","1000","603400","2001","179740","2796","73","469","Highland","229105021000","39.768340745584496","-105.02339070204012"
"old_house_teardown_candidate","3551 N CLAY ST, DENVER, CO 80211-2829","80211-2829","SHAWE,JENNIFER","U-TU-B","6250","1906","1401","260000","781300","1996","95950","2790","100","453","Highland","229116021000","39.766601081044776","-105.02090757399176"
"old_house_teardown_candidate","2837 W 37TH AVE, DENVER, CO 80211-2825","80211-2825","HIGASHIDA,CHERYL A","U-TU-B","6340","1890","2156","796500","1323700","2012","485000","2786","79","464","Highland","229105008000","39.76836295853622","-105.02294535270711"
"old_house_teardown_candidate","3401 N WYANDOT ST, DENVER, CO 80211-3353","80211-3353","VOGENTHALER,ALEXANDER R","U-TU-B","7110","1892","3144","1690600","2346900","2013","712500","2784","145","430","Highland","228219011000","39.7646222633226","-105.0147535676314"
"old_house_teardown_candidate","3943 N ZUNI ST, DENVER, CO 80211-2144","80211-2144","EAGLEBURGER,STEVEN","U-SU-C1","9250","1885","1227","1000","586600","1999","10","2783","159","420","Highland","220424036000","39.771331707482","-105.01639646721166"
"old_house_teardown_candidate","3656 N BRYANT ST, DENVER, CO 80211-2855","80211-2855","SCHMIDT,ALLISON TR DTD 8/27/20","U-TU-B","7444","1885","2630","928200","1527600","2021","10","2782","101","452","Highland","229111024000","39.76786985705067","-105.01866073671682"
"old_house_teardown_candidate","441 S GILPIN ST, DENVER, CO 80209-2616","80209-2616","SABELLA,LANCE","U-SU-C","6740","1899","2900","440300","1960300","2021","1775000","2780","183","436","Washington Park","514218020000","39.70826749432062","-104.96787274138788"
"old_house_teardown_candidate","2811 W 37TH AVE, DENVER, CO 80211-2825","80211-2825","BREITZMAN,JASON A","U-TU-B","7610","1895","3044","858500","1468800","2016","0","2778","89","457","Highland","229105010000","39.768263918611204","-105.02240421587081"
"old_house_teardown_candidate","3819 N UMATILLA ST, DENVER, CO 80211-2216","80211-2216","BURRELL,RICHARD ARTHUR","U-TU-C","6250","1903","2752","841200","1465900","2019","576000","2777","201","399","Highland","221341009000","39.76970608357055","-105.01274086012273"
"old_house_teardown_candidate","3900 N ALCOTT ST, DENVER, CO 80211-2133","80211-2133","KINOSHITA,RAYMOND M","U-SU-C1","7560","1883","1674","97200","599900","","","2776","140","428","Highland","220424008000","39.7708113914936","-105.0172063117362"
"old_house_teardown_candidate","2543 W 37TH AVE, DENVER, CO 80211-2850","80211-2850","DIPAOLO,MONICA","U-TU-B","6780","1885","1896","391900","947900","2018","620000","2774","118","442","Highland","229102007000","39.7684347067874","-105.018580160034"
"old_house_teardown_candidate","2131 N QUITMAN ST, DENVER, CO 80212-1113","80212-1113","OMARA,MICHAEL","U-SU-C1","9500","1895","2002","1000","1068500","1991","41900","2773","80","449","West Colfax","231140009000","39.749244444926006","-105.0408429976151"
"old_house_teardown_candidate","3957 N ZUNI ST, DENVER, CO 80211-2144","80211-2144","PARKER,BRYAN LEE","U-SU-C1","6300","1885","1486","495400","936400","2018","562000","2772","161","417","Highland","220424022000","39.7715461211606","-105.01624966340759"
"old_house_teardown_candidate","2825 W 37TH AVE, DENVER, CO 80211-2825","80211-2825","JUBERT,RUSSELL","U-TU-B","7525","1882","2362","570200","1174900","2019","755000","2770","79","461","Highland","229105026000","39.76830522803829","-105.02264408852272"
"old_house_teardown_candidate","3435 N DECATUR ST, DENVER, CO 80211-3241","80211-3241","ARROYO,MARK J","U-TU-B","8500","1898","1428","291900","960400","2012","335000","2768","86","454","Highland","229120018000","39.76510523399447","-105.02258721045301"
"old_house_teardown_candidate","2131 N PERRY ST, DENVER, CO 80212-1158","80212-1158","SEXTON,JUDITH L","U-SU-C1","6330","1892","1196","1000","791100","1988","0","2766","85","445","West Colfax","231141010000","39.74936957225272","-105.03967688960942"
"old_house_teardown_candidate","3434 N BRYANT ST, DENVER, CO 80211-3348","80211-3348","GILBERT,JOHN M III","U-TU-B","6260","1892","2190","469200","991100","2008","423000","2766","105","447","Highland","229123005000","39.765126457320854","-105.01860606412673"
"old_house_teardown_candidate","3903 N UMATILLA ST, DENVER, CO 80211-2218","80211-2218","SCOTT,LAWRENCE MORGAN","U-TU-C","6250","1902","1536","183100","807800","1995","0","2766","198","399","Highland","221336009000","39.770669357824","-105.01271492673646"
"old_house_teardown_candidate","2815 W 34TH AVE, DENVER, CO 80211-3235","80211-3235","SINGER-BRICKNER,MARY & SETH","U-TU-B","6250","1900","1197","325700","847000","2005","311000","2764","86","453","Highland","229120014000","39.764720847393335","-105.0224796618309"
"old_house_teardown_candidate","1294 S VINE ST, DENVER, CO 80210-1820","80210-1820","WRIGHT,MARY PATRICIA","U-SU-C","6300","1900","2402","213600","1347600","2015","10","2764","123","466","Washington Park","523112012000","39.693127714574715","-104.96260851469785"
"old_house_teardown_candidate","3949 N TEJON ST, DENVER, CO 80211-2212","80211-2212","MACOMBER,ANNE K","U-TU-C","6250","1896","2307","1113000","1737700","2021","10","2763","194","400","Highland","221335017000","39.7714417755091","-105.0116013535106"
"old_house_teardown_candidate","3344 N ZUNI ST, DENVER, CO 80211-3358","80211-3358","MEIER,JACOB","U-TU-B","6250","1886","2364","633100","1225400","2015","650000","2757","134","431","Highland","228230003000","39.76401270312957","-105.01555166936372"
"old_house_teardown_candidate","3717 N ELIOT ST, DENVER, CO 80211-2844","80211-2844","TURNER,BENJAMIN","U-TU-B","6620","1890","2303","722300","1267800","2014","550000","2754","72","461","Highland","229106010000","39.768416629449","-105.0240375277798"
"old_house_teardown_candidate","2801 W 34TH AVE, DENVER, CO 80211-3235","80211-3235","COLE,STEPHEN W","U-TU-B","7500","1898","1732","734200","1337300","2013","530000","2754","91","449","Highland","229120015000","39.76467965154709","-105.02229682488645"
"old_house_teardown_candidate","2525 W 34TH AVE, DENVER, CO 80211-3335","80211-3335","FUTA,JONATHAN AKIO","U-TU-B","7510","1893","2874","961100","1564800","2022","1785000","2752","105","444","Highland","229123012000","39.76473287838415","-105.01813348207345"
"old_house_teardown_candidate","2837 W 35TH AVE, DENVER, CO 80211-2811","80211-2811","LEMON,NICHOLAS J","U-TU-B","6260","1900","960","270900","792800","2010","295000","2752","87","451","Highland","229117012000","39.76593196841267","-105.02292616935243"
"old_house_teardown_candidate","2843 W 35TH AVE, DENVER, CO 80211-2811","80211-2811","LEVECK,DORA","U-TU-B","6260","1901","956","131900","653800","","","2746","87","450","Highland","229117011000","39.76589289738122","-105.02312386811302"
"old_house_teardown_candidate","3622 N WYANDOT ST, DENVER, CO 80211-2951","80211-2951","SOURS,RICKY LEE & MARY V","U-TU-B","6250","1892","2202","444800","1037100","1986","0","2744","182","404","Highland","228208006000","39.76726865685328","-105.01406787182442"
"old_house_teardown_candidate","3324 N WYANDOT ST, DENVER, CO 80211-3352","80211-3352","SELLERS,JOHN S","U-TU-B","6990","1899","3137","1163000","1810400","2008","438000","2743","147","422","Highland","228229010000","39.76377161339786","-105.01403469442872"
"old_house_teardown_candidate","2555 W 36TH AVE, DENVER, CO 80211-2848","80211-2848","OLDERMAN,CECILIA M","U-TU-B","7860","1885","2794","439300","1065900","2009","10","2742","98","446","Highland","229111005000","39.767089939458","-105.01875101539841"
"old_house_teardown_candidate","2119 S OGDEN ST, DENVER, CO 80210-4566","80210-4566","FISCH,CLINT","E-SU-B","9370","1891","2263","441000","990200","2019","861000","2734","119","431","Overland","526309002000","39.67813855827789","-104.97611327933276"
"old_house_teardown_candidate","1290 S YORK ST, DENVER, CO 80210-1913","80210-1913","COULEHAN,LAWRENCE T & SALLY A","U-SU-C","6300","1902","1917","133000","1330000","","","2733","147","449","Washington Park","523114011000","39.69326476815443","-104.96029280096286"
"old_house_teardown_candidate","3959 N UMATILLA ST, DENVER, CO 80211-2218","80211-2218","JORDHEIM,KRISTIN","U-TU-C","6250","1902","1766","576400","1201100","2002","329000","2725","176","402","Highland","221336017000","39.77156819339134","-105.01270966391277"
"old_house_teardown_candidate","3556 N ALCOTT ST, DENVER, CO 80211-2943","80211-2943","HOEFT,DEL MITCHELL","U-TU-B","6200","1898","1180","166900","684900","2004","10","2724","116","434","Highland","229113002000","39.76668173586285","-105.0171407970863"
"old_house_teardown_candidate","3522 N ALCOTT ST, DENVER, CO 80211-2943","80211-2943","POWERS,BRIAN G","U-TU-B","8930","1900","1940","688600","1385300","2013","520000","2722","113","435","Highland","229113007000","39.76621552976812","-105.01706887583002"
"old_house_teardown_candidate","1372 N QUITMAN ST, DENVER, CO 80204-1413","80204-1413","GONSALES,BERTHA LOUISE","U-RH-2.5","6256","1900","680","1000","563800","","","2722","182","377","West Colfax","506112036000","39.73803330739778","-105.04012451996944"
"old_house_teardown_candidate","2407 W 37TH AVE, DENVER, CO 80211-2960","80211-2960","CERVANTES,NICHOLAS","U-TU-B","6200","1895","2008","500500","1018500","2021","935000","2721","147","417","Highland","229101030000","39.76827440301733","-105.01610416418723"
"old_house_teardown_candidate","2515 W 38TH AVE, DENVER, CO 80211-2101","80211-2101","COPP,JUANITA C & DANIEL","U-SU-C1","6250","1895","814","142900","486500","1997","10","2720","121","430","Highland","220434018000","39.76962386740889","-105.01792999009966"
"old_house_teardown_candidate","3805 N UMATILLA ST, DENVER, CO 80211-2216","80211-2216","HODI,LAITH","U-TU-C","6250","1905","1938","479700","1073100","2014","472500","2720","202","389","Highland","221341007000","39.76947064705645","-105.0127533516548"
"old_house_teardown_candidate","3853 N ALCOTT ST, DENVER, CO 80211-2130","80211-2130","WHATLEY,JEANETTE L","U-SU-C1","7500","1891","1255","23800","523600","2016","10","2718","119","430","Highland","220434001000","39.77027610345929","-105.0176627299987"
"old_house_teardown_candidate","3541 N ZUNI ST, DENVER, CO 80211-2954","80211-2954","SABELL,PETE SR & LORRAINE","U-TU-B","6820","1882","1137","89900","648500","","","2717","122","430","Highland","229113020000","39.766467806542884","-105.01637468666854"
"old_house_teardown_candidate","1837 W 39TH AVE, DENVER, CO 80211-2228","80211-2228","CASTER,JILLIAN NICOLE","U-TU-C","6250","1891","2522","441200","1065900","2019","715000","2714","211","382","Highland","221333009000","39.77081092662167","-105.00899385915578"
"old_house_teardown_candidate","3301 N ZUNI ST, DENVER, CO 80211-3357","80211-3357","GREGG,MASON W REV TR","U-TU-B","7800","1900","2277","1195400","1858400","2013","737000","2714","126","427","Highland","229125012000","39.76339920188379","-105.0161360307138"
"old_house_teardown_candidate","3634 N ALCOTT ST, DENVER, CO 80211-2945","80211-2945","CANFIELD,MARK C & SANDRA K","U-TU-B","6250","1885","946","262100","783400","2005","150000","2712","118","430","Highland","229112005000","39.767584081451716","-105.01715119164272"
"old_house_teardown_candidate","2027 S WASHINGTON ST, DENVER, CO 80210-4046","80210-4046","CORONA,THOMAS","U-SU-C1","6250","1892","1821","372300","929800","2000","0","2711","115","429","Overland","527117025000","39.679795199503715","-104.97969898864729"
"old_house_teardown_candidate","2903 W DENVER PL, DENVER, CO 80211-2028","80211-2028","JOHNSON,CATHERINE L","U-SU-C1","6250","1895","1053","345000","782300","2006","250000","2711","107","434","Highland","220429016000","39.77050471411845","-105.02309251195123"
"old_house_teardown_candidate","3731 N ZUNI ST, DENVER, CO 80211-2958","80211-2958","HUDSON,EMMA C","U-TU-B","6250","1895","2159","862000","1383300","2021","0","2711","139","419","Highland","229101026000","39.76874578952327","-105.01621471085771"
"old_house_teardown_candidate","2020 S PENNSYLVANIA ST, DENVER, CO 80210-4034","80210-4034","HOLICKY,BENJAMIN","U-SU-B1","6250","1900","2562","829000","1386500","2015","678000","2710","116","428","Overland","527116003000","39.67991403584744","-104.98133596197978"
"old_house_teardown_candidate","1831 W 39TH AVE, DENVER, CO 80211-2228","80211-2228","ADDUCCI,LISA M & SANTINO","U-TU-C","6250","1896","1541","286300","911000","2009","0","2709","213","380","Highland","221333010000","39.77081113788766","-105.00882194935866"
"old_house_teardown_candidate","2032 S WASHINGTON ST, DENVER, CO 80210-4047","80210-4047","ALLEN,ALIX A","U-SU-C1","6250","1890","1638","207800","765300","2015","10","2708","120","426","Overland","527118004000","39.67966005362244","-104.97898053161276"
"old_house_teardown_candidate","2633 W 37TH AVE, DENVER, CO 80211-2821","80211-2821","ZARRELLA,JEFF","U-TU-B","8950","1880","1312","158900","856900","2009","340000","2705","102","438","Highland","229103026000","39.7683941286085","-105.01988531325766"
"old_house_teardown_candidate","1837 W 38TH AVE, DENVER, CO 80211-2224","80211-2224","DE ALVARADO,G GUTIERREZ","U-TU-C","7320","1901","1291","24500","585600","2011","0","2703","227","373","Highland","221344012000","39.769620775199144","-105.00903425039485"
"old_house_teardown_candidate","3936 N VALLEJO ST, DENVER, CO 80211-2156","80211-2156","BENNETT,ZACHARY R","U-TU-C","6250","1902","2037","460100","1084800","2021","935000","2703","172","400","Highland","221336004000","39.771224743040854","-105.01319285936073"
"old_house_teardown_candidate","2429 W 37TH AVE, DENVER, CO 80211-2940","80211-2940","DEAN-FITZ,KAMA SHEA","U-TU-B","11300","1885","1569","479600","1331400","2020","0","2702","136","419","Highland","229101029000","39.76851901280476","-105.0165538714067"
"old_house_teardown_candidate","1357 N QUITMAN ST, DENVER, CO 80204-6520","80204-6520","RAMIREZ,DOMINGO","U-RH-2.5","9370","1900","2597","159400","919800","2006","250000","2702","182","373","West Colfax","506111016000","39.73779989062431","-105.04079967865009"
"old_house_teardown_candidate","2526 W 34TH AVE, DENVER, CO 80211-3398","80211-3398","GENTRY,CHAD","U-TU-B","8500","1890","1744","347800","1016300","2013","430000","2700","103","436","Highland","229126001000","39.764091836687854","-105.01810289012087"
"old_house_teardown_candidate","2215 W 34TH AVE, DENVER, CO 80211-3315","80211-3315","DOWD,MALACHY & RACHEAL","U-TU-B","7000","1902","882","69200","717300","2007","205000","2700","173","402","Highland","228220014000","39.7648330540872","-105.01324795759619"
"old_house_teardown_candidate","2233 W 34TH AVE, DENVER, CO 80211-3315","80211-3315","ALLISON,CYNDETH K","U-TU-B","7000","1897","1647","331300","979400","1994","67500","2699","163","407","Highland","228220011000","39.764824552692005","-105.01362388919802"
"old_house_teardown_candidate","2227 W 34TH AVE, DENVER, CO 80211-3315","80211-3315","GRIEGO,RICHARD LEROY & CAROL I","U-TU-B","7000","1899","2522","727600","1375700","","","2699","165","406","Highland","228220012000","39.7648330159582","-105.013489894831"
"old_house_teardown_candidate","3637 N ALCOTT ST, DENVER, CO 80211-2944","80211-2944","DORN,KRISTINE F","U-TU-B","6310","1890","1248","464800","990000","2021","10","2696","98","437","Highland","229111018000","39.767620243446224","-105.01792352124856"
"old_house_teardown_candidate","2529 W 35TH AVE, DENVER, CO 80211-2846","80211-2846","ZINGARO,THOMAS J","U-TU-B","10800","1900","1222","173000","864400","2018","565000","2696","101","437","Highland","229114009000","39.76605292527957","-105.01811571079456"
"old_house_teardown_candidate","3631 N ELIOT ST, DENVER, CO 80211-2842","80211-2842","AUKEMA,SUSAN ELIZABETH","U-TU-B","15000","1886","4611","1188800","2154100","1991","0","2695","63","454","Highland","229107021000","39.767412666265685","-105.02401835141139"
"old_house_teardown_candidate","3330 N ALCOTT ST, DENVER, CO 80211-3340","80211-3340","WERMUTH,ANDREW","U-TU-B","8000","1890","1134","194300","830100","2009","300000","2691","122","425","Highland","229125006000","39.763795675979","-105.01697031511712"
"old_house_teardown_candidate","3329 N VALLEJO ST, DENVER, CO 80211-3438","80211-3438","BADAVAS,JOHN","U-TU-B","12042","1886","2991","1453500","2604100","2018","1475000","2690","169","403","Highland","228229043000","39.763692455413505","-105.01321609238813"
"old_house_teardown_candidate","3534 N ELIOT ST, DENVER, CO 80211-2841","80211-2841","COLEMAN,ELIZABETH","U-TU-B","8330","1895","1124","213900","871300","2012","302000","2688","88","441","Highland","229117008000","39.766321768453274","-105.02324623558026"
"old_house_teardown_candidate","2017 S WASHINGTON ST, DENVER, CO 80210-4046","80210-4046","TWENTY 17 WASHINGTON LIMITED","U-SU-C1","12500","1888","2964","506600","1501600","2021","10","2687","115","425","Overland","527117029000","39.679993254351096","-104.97964644148864"
"old_house_teardown_candidate","3523 N WYANDOT ST, DENVER, CO 80211-2948","80211-2948","CORSELLO,PHILIP & CATHERINE J","U-TU-B","6250","1889","2180","598200","1190500","2008","555000","2687","146","413","Highland","228218025000","39.766083498839","-105.01474253193544"
"old_house_teardown_candidate","2433 W 37TH AVE, DENVER, CO 80211-2940","80211-2940","ALVARADO,EVA","U-TU-B","10300","1885","1521","1000","787300","","","2686","130","419","Highland","229101028000","39.768578914585824","-105.01673146527942"
"old_house_teardown_candidate","2530 W 37TH AVE, DENVER, CO 80211-2851","80211-2851","BOHLING,DAVID ALAN","U-TU-B","7400","1902","1941","719600","1316100","2018","750000","2686","96","436","Highland","229111021000","39.76778543140037","-105.01808208209687"
"old_house_teardown_candidate","3531 N DECATUR ST, DENVER, CO 80211-2835","80211-2835","REHAK,LISA A","U-TU-B","6260","1895","1600","457100","979000","2012","397500","2684","89","439","Highland","229117018000","39.76631824466391","-105.022438113936"
"old_house_teardown_candidate","2453 W 35TH AVE, DENVER, CO 80211-2934","80211-2934","HENRY,ANA","U-TU-B","7820","1887","2514","965000","1589000","2014","386000","2681","109","430","Highland","229113008000","39.7658857573024","-105.01718707403299"
"old_house_teardown_candidate","2150 S LOGAN ST, DENVER, CO 80210-4428","80210-4428","WOOD,ANDREA L","U-SU-C","6440","1894","1064","111300","559200","2009","270000","2681","134","413","Overland","527125007000","39.67754687663234","-104.98246623699856"
"old_house_teardown_candidate","2174 S GRANT ST, DENVER, CO 80210-4426","80210-4426","SHERMAN,IRA D","U-SU-C","6500","1902","1668","322900","773700","1999","90630","2681","166","397","Overland","527209009000","39.677161945898426","-104.98373733757087"
"old_house_teardown_candidate","2134 S LOGAN ST, DENVER, CO 80210-4428","80210-4428","MULHOLLAND,CAMILLE C","U-SU-C","6440","1903","1602","443700","891600","2009","350000","2680","134","413","Overland","527125005000","39.677839509753774","-104.982513760887"
"old_house_teardown_candidate","1950 S PENNSYLVANIA ST, DENVER, CO 80210-4032","80210-4032","SABINA,ERIK","U-SU-B1","6250","1895","1578","124100","876700","1994","149500","2678","126","418","Overland","527105007000","39.68117731938378","-104.98133496408923"
"old_house_teardown_candidate","2530 W 34TH AVE, DENVER, CO 80211-3336","80211-3336","HAGSTROM,WALTER III","U-TU-B","8415","1889","3295","1780300","2443300","2019","1925000","2677","103","432","Highland","229126046000","39.76407577665745","-105.01826501536999"
"old_house_teardown_candidate","3327 N ALCOTT ST, DENVER, CO 80211-3339","80211-3339","FERRIS,MICHAEL","U-TU-B","6250","1900","1797","903100","1424400","2019","1000000","2670","109","428","Highland","229126019000","39.76378643305533","-105.01781129292834"
"old_house_teardown_candidate","2628 W 35TH AVE, DENVER, CO 80211-2808","80211-2808","REYNA,JENNIFER ROBIN","U-TU-B","7170","1895","963","141200","688500","2021","550000","2667","96","433","Highland","229122029000","39.7652341976729","-105.01972544838581"
"old_house_teardown_candidate","2599 W 40TH AVE, DENVER, CO 80211-2181","80211-2181","KOEHLER,SCOTT A & DONNA D","U-SU-C1","7420","1900","2429","546100","1042000","2003","265000","2666","142","407","Highland","220422007000","39.77195955437","-105.01873985680291"
"old_house_teardown_candidate","1865 S WASHINGTON ST, DENVER, CO 80210-3274","80210-3274","LYMAN,BARBARA","U-SU-B1","6250","1894","1700","240000","992600","2004","1","2665","151","406","Platt Park","522737018000","39.68275471255557","-104.97967730519902"
"old_house_teardown_candidate","2828 W 36TH AVE, DENVER, CO 80211-2819","80211-2819","DELGADO,DEBRA L","U-TU-B","6510","1885","724","1000","539300","1990","0","2664","91","435","Highland","229117002000","39.766604123725855","-105.02293181263629"
"old_house_teardown_candidate","2048 S PENNSYLVANIA ST, DENVER, CO 80210-4034","80210-4034","TRIM,ROGER G & KARA M","U-SU-B1","6250","1890","2454","589800","1147300","2008","410000","2662","111","422","Overland","527116025000","39.67937799256166","-104.98128878011778"
"old_house_teardown_candidate","3847 N PECOS ST, DENVER, CO 80211-2662","80211-2662","SPEICHER,BEAU M","U-TU-C","6270","1896","1654","86000","712800","2007","187000","2659","215","370","Highland","221345016000","39.77018162532133","-105.00683783423386"
"old_house_teardown_candidate","3819 N ZUNI ST, DENVER, CO 80211-2142","80211-2142","CHAVEZ,LAWRENCE A JR","U-SU-C1","8500","1906","2148","281600","830400","1998","149000","2658","128","415","Highland","220435013000","39.76982172887046","-105.01630693641172"
"old_house_teardown_candidate","1859 S WASHINGTON ST, DENVER, CO 80210-3213","80210-3213","BALDWIN,KEVIN","U-SU-B1","6750","1890","2634","792000","1591900","2011","740000","2657","147","407","Platt Park","522737036000","39.68290958854322","-104.97966916377311"
"old_house_teardown_candidate","3331 N DECATUR ST, DENVER, CO 80211-3239","80211-3239","FRIES,ALLISON A","U-TU-B","6370","1890","2284","706200","1235300","2007","420000","2656","91","432","Highland","229129014000","39.76378017888522","-105.02234539744667"
"old_house_teardown_candidate","325 E ILIFF AVE, DENVER, CO 80210-5019","80210-5019","LUBOW,ALAN T","E-SU-D","24461","1891","4893","2071300","3307100","2015","1750000","2656","177","387","Overland","527200082000","39.675251725110996","-104.98335755938812"
"old_house_teardown_candidate","2179 S PENNSYLVANIA ST, DENVER, CO 80210-4433","80210-4433","WEISS,DANIEL H","E-SU-D","6440","1892","2657","733800","1149700","2017","700000","2656","135","408","Overland","527125015000","39.67714974423562","-104.98203800124662"
"old_house_teardown_candidate","1875 S CLARKSON ST, DENVER, CO 80210-3201","80210-3201","QUINN,AMY S","U-SU-B1","6870","1890","2130","542000","1353200","2020","1040000","2653","137","412","Platt Park","522738016000","39.68259710057167","-104.97850084621956"
"old_house_teardown_candidate","2824 W 36TH AVE, DENVER, CO 80211-2819","80211-2819","KOPPELKAM,BETH A","U-TU-B","8320","1885","1556","282400","939100","1986","0","2652","89","434","Highland","229117001000","39.7664905069","-105.02276342655173"
"old_house_teardown_candidate","2120 S EMERSON ST, DENVER, CO 80210-4505","80210-4505","KIRKSEY,JAYMES D","E-SU-B","6250","1891","1465","425100","831100","2014","437000","2651","123","415","Overland","526309023000","39.678104328860286","-104.97655814702527"
"old_house_teardown_candidate","2227 W 35TH AVE, DENVER, CO 80211-2907","80211-2907","DEROSE,VINCENT F","U-TU-B","11300","1896","3599","1200800","2168700","2012","940000","2650","161","399","Highland","228217025000","39.76587247329091","-105.01356873900309"
"old_house_teardown_candidate","2222 N NEWTON ST, DENVER, CO 80211-5062","80211-5062","FITZGIBBONS,JULIET","U-SU-C1","9520","1894","1694","101000","1170300","2019","10","2649","125","406","West Colfax","231133006000","39.75042960386138","-105.03661902879631"
"old_house_teardown_candidate","2139 S PENNSYLVANIA ST, DENVER, CO 80210-4433","80210-4433","NYE,RICHARD F & LESLIE D","E-SU-D","6440","1900","1298","193100","609000","1997","157500","2647","122","413","Overland","527125020000","39.67782624828958","-104.98202798844943"
"old_house_teardown_candidate","2909 W 39TH AVE, DENVER, CO 80211-2021","80211-2021","FINK,GARY P","U-SU-C1","6440","1905","1287","239000","686900","1992","10","2647","105","423","Sunnyside","220428013000","39.77145320221567","-105.02326414495866"
"old_house_teardown_candidate","3435 N BRYANT ST, DENVER, CO 80211-3347","80211-3347","SMELKER,RYAN","U-TU-B","6250","1889","2636","1191600","1712900","2022","1025500","2645","92","431","Highland","229122036000","39.765101562979666","-105.01935669286667"
"old_house_teardown_candidate","1840 W 40TH AVE, DENVER, CO 80211-2233","80211-2233","AGUIRRE,FRANCES P FRAIN","U-TU-C","9100","1900","838","1000","827000","2012","10","2645","195","377","Highland","221333019000","39.77143794282522","-105.00892781623021"
"old_house_teardown_candidate","1881 S WASHINGTON ST, DENVER, CO 80210-3213","80210-3213","ANDERSON,PATRICIA J","U-SU-B1","6250","1897","973","1000","753600","1992","71900","2643","143","406","Overland","522737015000","39.68247950595029","-104.979679979703"
"old_house_teardown_candidate","3349 N DECATUR ST, DENVER, CO 80211-3239","80211-3239","FICKENSCHER,ALEXANDRA","U-TU-B","6240","1894","2127","969100","1489700","2009","10","2641","91","430","Highland","229129017000","39.76415215455443","-105.02240382102127"
"old_house_teardown_candidate","2130 S EMERSON ST, DENVER, CO 80210-4505","80210-4505","ARMSTRONG,ANNA","E-SU-B","6250","1891","1695","559100","965100","2022","975000","2640","119","415","Overland","526309022000","39.67796706893599","-104.97655965176399"
"old_house_teardown_candidate","3705 N SHOSHONE ST, DENVER, CO 80211-3020","80211-3020","NEUMANN,MELVIN J","U-TU-B","6417","1906","2170","136600","1104200","2018","0","2636","208","372","Highland","228203060000","39.768289236765185","-105.00987663675646"
"old_house_teardown_candidate","2904 W 40TH AVE, DENVER, CO 80211-2025","80211-2025","MICHEL,VANESSA","U-SU-C1","6440","1905","838","344200","792100","2019","505000","2634","101","423","Sunnyside","220428015000","39.77181796238728","-105.02309486079842"
"old_house_teardown_candidate","2638 N MEADE ST, DENVER, CO 80211-4079","80211-4079","GILBERT,DAVID J","U-SU-C1","6250","1892","2103","133500","663100","2011","255000","2633","130","403","Sloan Lake","230431010000","39.75557361835086","-105.03544676333458"
"old_house_teardown_candidate","1250 S UNIVERSITY BLVD, DENVER, CO 80210-1909","80210-1909","FREIMUTH,MARK ELLIOTT","E-SU-DX","7810","1895","2089","585900","1220400","2021","904020","2631","150","428","Washington Park","524209007000","39.693776219699636","-104.95887804546874"
"old_house_teardown_candidate","1417 N KNOX CT, DENVER, CO 80204-5607","80204-5607","SALAS,IGNACIO & VICENTA","G-RH-3","6250","1896","2246","292600","854800","1996","69000","2627","175","365","West Colfax","505208012000","39.738922978095246","-105.03265023936014"
"old_house_teardown_candidate","2237 N MEADE ST, DENVER, CO 80211-5055","80211-5055","DAKER,CASEY","U-SU-C1","6350","1900","1875","179700","971600","2019","675000","2624","130","399","West Colfax","231133014000","39.750637356905145","-105.03615824045757"
"old_house_teardown_candidate","2125 W 34TH AVE, DENVER, CO 80211-3422","80211-3422","HURD,SUSANNAH","U-TU-B","6550","1888","3449","2143000","2757700","2018","1875000","2623","169","390","Highland","228221005000","39.764677461175225","-105.01257486019911"
"old_house_teardown_candidate","2634 N JAVA CT, DENVER, CO 80211-4019","80211-4019","KINLEIN,MICHAEL A","U-SU-B1","6350","1900","1006","224400","832900","2005","270000","2623","125","406","Sloan Lake","229325008000","39.75564290281342","-105.03073678295527"
"old_house_teardown_candidate","4131 N CLAY ST, DENVER, CO 80211-1741","80211-1741","DACHNICK,ELLEN E & CHRISTIAN C","U-SU-C1","8060","1895","1461","374000","901200","2010","1","2619","107","415","Sunnyside","220416028000","39.77357588196238","-105.02090991700985"
"old_house_teardown_candidate","413 S HUMBOLDT ST, DENVER, CO 80209-2532","80209-2532","BRADFORD,MARY BETH","U-TU-C","6350","1905","1816","1000","1014600","2001","10","2618","163","412","Washington Park","514216022000","39.70898213964727","-104.97020931211581"
"old_house_teardown_candidate","4122 N WYANDOT ST, DENVER, CO 80211-1757","80211-1757","PARKER,ELIAS A","U-TU-C","7810","1896","1340","35100","770800","2012","335000","2611","148","394","Highland","221323006000","39.7734134464919","-105.01441540125533"
"old_house_teardown_candidate","501 E ILIFF AVE, DENVER, CO 80210-5021","80210-5021","NOVAS,ANA","E-SU-G","10800","1876","1116","1000","615300","1998","10","2609","130","402","Overland","527130021000","39.6752420145638","-104.9815752475794"
"old_house_teardown_candidate","3426 N FEDERAL BLVD, DENVER, CO 80211-3216","80211-3216","OBERLINK,CRAIG","U-TU-B","6100","1901","2082","783400","1015900","2017","610000","2608","84","429","Highland","229119006000","39.764966688171775","-105.02471242279144"
"old_house_teardown_candidate","1740 W 40TH AVE, DENVER, CO 80211-2231","80211-2231","EMERICK,NILES","U-TU-C","6260","1893","2068","841000","1466700","2017","625000","2607","195","370","Highland","221332002000","39.771438515823284","-105.00750691535902"
"old_house_teardown_candidate","3320 N ELIOT ST, DENVER, CO 80211-3245","80211-3245","HAMILTON,LORI L","U-TU-B","6250","1892","3248","967900","1489200","2010","0","2606","91","424","Highland","229129007000","39.76361218802033","-105.02326870648899"
"old_house_teardown_candidate","2201 N NEWTON ST, DENVER, CO 80211-5061","80211-5061","KUHN,BRYAN E","U-SU-C1","6350","1889","2112","316400","1108300","2008","500000","2605","118","402","West Colfax","231134009000","39.750155783321716","-105.03733091611043"
"old_house_teardown_candidate","801 S CORONA ST, DENVER, CO 80209-4409","80209-4409","BURKE,DANIEL JOSEPH","U-SU-B","6020","1891","2199","301300","1141400","2008","675000","2605","112","434","Washington Park","514309026000","39.701874687063","-104.97486576360261"
"old_house_teardown_candidate","3314 N CLAY ST, DENVER, CO 80211-3310","80211-3310","HERGE,JOHN A","U-TU-B","6250","1900","1444","532700","1054000","2005","0","2600","94","423","Highland","229127008000","39.763553879827285","-105.02022747669"
"old_house_teardown_candidate","1422 E DAKOTA AVE, DENVER, CO 80209-2514","80209-2514","MEYERS,ILISE GORDON","U-TU-C","6846","1897","2310","1000","1070200","2008","0","2598","162","409","Washington Park","514216144000","39.70910562764689","-104.97017911106443"
"old_house_teardown_candidate","4200 N ZUNI ST, DENVER, CO 80211-1765","80211-1765","ANDERSON,KEVIN HAROLD","U-TU-C","6250","1900","1203","184100","808800","2000","217000","2595","142","394","Highland","221308008000","39.774304432611245","-105.01557476141299"
"old_house_teardown_candidate","4215 N WYANDOT ST, DENVER, CO 80211-1758","80211-1758","NUANES,FRANK ROSS & TITA MELA","U-TU-C","6250","1901","1272","30500","655200","1994","75000","2595","144","393","Highland","221308004000","39.77443877980157","-105.01506649395742"
"old_house_teardown_candidate","4130 N ALCOTT ST, DENVER, CO 80211-1751","80211-1751","GANDARILLA,FELICITAS","U-SU-C1","6930","1905","918","513800","985700","2017","10","2594","137","396","Highland","220413004000","39.77358349738617","-105.016995574654"
"old_house_teardown_candidate","3829 N IRVING ST, DENVER, CO 80211-1934","80211-1934","SLATER,JOSHUA M","U-SU-B1","6560","1886","1400","163000","616700","2010","331000","2592","74","429","Berkeley","220329019000","39.770074338772396","-105.03042261112259"
"old_house_teardown_candidate","2166 S CORONA ST, DENVER, CO 80210-4516","80210-4516","FLECHSIG,ANGELA K","E-SU-D","6250","1891","2112","700200","1106200","2022","0","2591","86","423","University","526307010000","39.67711492393314","-104.97425290207698"
"old_house_teardown_candidate","3243 N WYANDOT ST, DENVER, CO 80211-3349","80211-3349","HOLMES,BRIAN DOUGLAS","U-TU-B","6500","1892","2138","615100","1226000","2010","480000","2590","124","407","Highland","228231013000","39.76282135245455","-105.0147278575421"
"old_house_teardown_candidate","813 S EMERSON ST, DENVER, CO 80209-4342","80209-4342","SYLVESTER,JUDY J & JAMES G","U-SU-B","6340","1901","1079","1000","886900","2001","10","2587","99","436","Washington Park","514307024000","39.70160462045345","-104.97733085583721"
"old_house_teardown_candidate","4119 N DECATUR ST, DENVER, CO 80211-1717","80211-1717","ELLIOT,MATTHEW DOUGLAS","U-SU-C1","9738","1888","2177","706100","1315600","2011","384000","2583","96","414","Sunnyside","220417024000","39.77343354813025","-105.02244306402007"
"old_house_teardown_candidate","4219 N VALLEJO ST, DENVER, CO 80211-1824","80211-1824","MOSES,MICHAEL C","U-TU-C","6250","1886","1562","187300","812000","2015","400000","2582","151","386","Highland","221310008000","39.77457495732272","-105.01385693138344"
"old_house_teardown_candidate","3257 N BRYANT ST, DENVER, CO 80211-3343","80211-3343","NICHOLAS,RICHARD M","U-TU-B","6310","1885","3439","867900","1393100","2003","305000","2581","98","418","Highland","229134044000","39.763067424241385","-105.01933808390756"
"old_house_teardown_candidate","2230 N OSCEOLA ST, DENVER, CO 80212-1151","80212-1151","CECCANTI,BRIAN","U-SU-C1","6350","1905","1428","97100","889000","2014","430000","2575","106","403","West Colfax","231134005000","39.75051944352646","-105.03778991333728"
"old_house_teardown_candidate","1521 N UTICA ST, DENVER, CO 80204-1237","80204-1237","PARFITT,JORDAN","U-RH-3A","6250","1890","2032","171900","796600","2017","490000","2573","131","379","West Colfax","231312008000","39.740955533634","-105.04558852609573"
"old_house_teardown_candidate","2147 N LOWELL BLVD, DENVER, CO 80211-5068","80211-5068","EYDEN,JULIE K","U-TU-C","6350","1895","1146","231500","991700","2015","460000","2572","149","379","West Colfax","231145015000","39.749702651239566","-105.03491875440771"
"old_house_teardown_candidate","3227 N BRYANT ST, DENVER, CO 80211-3343","80211-3343","CHERRY,DARCI","U-TU-B","17836","1892","4068","2224900","3616800","2007","1350000","2568","94","418","Highland","229134046000","39.76260798330577","-105.01954232656732"
"old_house_teardown_candidate","3840 N JULIAN ST, DENVER, CO 80211-1926","80211-1926","HIGGINS,BENJAMIN","U-SU-B1","6250","1905","792","169100","606400","2014","310000","2567","73","425","Berkeley","220329002000","39.770349537925","-105.03115375096289"
"old_house_teardown_candidate","4159 N VALLEJO ST, DENVER, CO 80211-1822","80211-1822","BREWER,DANIEL CHARLES","U-TU-C","8750","1896","2398","479600","1281100","2009","356000","2564","137","391","Highland","221323017000","39.77391229742854","-105.01374911758599"
"old_house_teardown_candidate","2623 W 32ND AVE, DENVER, CO 80211-3380","80211-3380","TEETERS,MATTHEW D","U-TU-B","6230","1902","1756","718000","1238000","2020","10","2562","93","417","Highland","229134021000","39.76231733031033","-105.01952188163233"
"old_house_teardown_candidate","2000 S LOGAN ST, DENVER, CO 80210-4030","80210-4030","FLEISHER,STEWART W","U-SU-B1","15600","1905","3671","577000","1789000","","","2561","123","398","Overland","527115001000","39.68009431212074","-104.98252104749605"
"old_house_teardown_candidate","3240 N BRYANT ST, DENVER, CO 80211-3344","80211-3344","MARTINEZ,CARLOS A & ROBERTA L","U-TU-B","6242","1890","1939","351300","872000","","","2560","111","407","Highland","229135030000","39.76284552680527","-105.01857785647454"
"old_house_teardown_candidate","3856 N JULIAN ST, DENVER, CO 80211-1926","80211-1926","WANCZYK,ROSEMARIE J","U-SU-B1","6870","1900","864","130800","599700","1995","10","2558","74","423","Berkeley","220329001000","39.77048989408844","-105.03110361672488"
"old_house_teardown_candidate","2242 N OSCEOLA ST, DENVER, CO 80212-1151","80212-1151","NEW,LINDA L","U-SU-C1","6350","1895","1338","1000","792900","2022","0","2557","106","399","West Colfax","231134003000","39.75076327221581","-105.03775497944137"
"old_house_teardown_candidate","3435 N ELIOT ST, DENVER, CO 80211-3246","80211-3246","CLOUD,CASEY","U-TU-B","7250","1900","1566","327400","914100","2014","10","2555","87","417","Highland","229119015000","39.765119839658105","-105.024045286449"
"old_house_teardown_candidate","3228 N CLAY ST, DENVER, CO 80211-3308","80211-3308","KNOWLES,KRISTEN LAURA","U-TU-B","7480","1890","2413","932100","1533900","2016","760000","2549","92","415","Highland","229134009000","39.76261445028322","-105.02016422365988"
"old_house_teardown_candidate","3221 W 26TH AVE, DENVER, CO 80211-4032","80211-4032","WICKS,ANDREA","U-TU-C","9920","1900","1391","100900","833900","1996","10","2545","111","398","Sloan Lake","229331039000","39.755190869818286","-105.02935165894486"
"old_house_teardown_candidate","3207 W 26TH AVE, DENVER, CO 80211-4032","80211-4032","ARAGON,MANUEL L & SARAH","U-TU-C","8620","1887","1078","56200","707300","2005","244050","2535","111","396","Sloan Lake","229331025000","39.75525326013323","-105.02913202536911"
"old_house_teardown_candidate","826 S CLARKSON ST, DENVER, CO 80209-4326","80209-4326","STAKER,SAMUEL C","U-SU-B","9510","1890","3289","490900","1687500","2014","10","2535","98","426","Washington Park","514307003000","39.701572486101774","-104.9777930627501"
"old_house_teardown_candidate","3425 N ELIOT ST, DENVER, CO 80211-3246","80211-3246","HORAN,JOHN & HILARY","U-TU-B","8410","1900","2085","1114800","1777400","2001","372000","2534","85","414","Highland","229119014000","39.76499206187157","-105.02402477437455"
"old_house_teardown_candidate","4141 N UMATILLA ST, DENVER, CO 80211-1816","80211-1816","HAUCK,MICHAEL C","U-TU-C","6250","1906","1820","120400","745100","2001","10","2530","140","383","Highland","221322020000","39.773738748579454","-105.01274483222036"
"old_house_teardown_candidate","3715 N MEADE ST, DENVER, CO 80211-2754","80211-2754","HILL,ANDREW D","U-SU-B1","6350","1898","1676","272600","1006500","2017","609800","2529","99","405","Berkeley","230102015000","39.76793340319477","-105.03613035088861"
"old_house_teardown_candidate","3214 W 26TH AVE, DENVER, CO 80211-4033","80211-4033","NIGRO,MICHAEL ANDREW","U-TU-C","7300","1905","2574","571500","1360300","2015","630000","2528","115","393","Sloan Lake","232203012000","39.754616925645","-105.028964245309"
"old_house_teardown_candidate","3201 W 26TH AVE, DENVER, CO 80211-6013","80211-6013","LANDGON,BRANT E","U-TU-C","8620","1900","1547","402600","1053700","2013","305000","2526","112","394","Sloan Lake","229331022000","39.755253027644784","-105.02868751887667"
"old_house_teardown_candidate","3238 N ALCOTT ST, DENVER, CO 80211-3338","80211-3338","HOWSAM,RYAN R","U-TU-B","7425","1900","1365","377600","975800","2013","0","2524","114","401","Highland","229136025000","39.7626510735882","-105.01685751743477"
"old_house_teardown_candidate","3203 W 26TH AVE, DENVER, CO 80211-4032","80211-4032","FOLZENLOGEN SECRIST ,SARAH","U-TU-C","8620","1900","1486","388200","1039300","2020","10","2523","111","394","Sloan Lake","229331023000","39.755253210408554","-105.02886532159768"
"old_house_teardown_candidate","2501 W 32ND AVE, DENVER, CO 80211-3323","80211-3323","HARVEY,JAMES T","U-TU-B","6230","1900","2945","633900","1153900","1997","165000","2522","112","402","Highland","229135011000","39.76227795435533","-105.01761851247767"
"old_house_teardown_candidate","4114 N CLAY ST, DENVER, CO 80211-1742","80211-1742","DOMKE,NICOLAS L","U-SU-C1","6600","1905","1206","408100","863800","2015","420000","2521","120","393","Highland","220415006000","39.77327907019234","-105.02002736498433"
"old_house_teardown_candidate","4103 N BRYANT ST, DENVER, CO 80211-1735","80211-1735","CULVER,MARKEY","U-SU-C1","6590","1905","1421","591900","1047100","2021","765000","2518","138","383","Highland","220415009000","39.773096132416995","-105.01947111331599"
"old_house_teardown_candidate","2955 W 39TH AVE, DENVER, CO 80211-2021","80211-2021","KING,KYLAN J","U-SU-C1","6440","1905","1786","263600","711500","2017","10","2518","77","413","Sunnyside","220428008000","39.7714579054989","-105.02423072261979"
"old_house_teardown_candidate","3530 W 23RD AVE, DENVER, CO 80211-4424","80211-4424","FIRMIN,DAVID A","U-TU-C","6560","1890","1351","128000","852000","2019","635000","2517","154","368","Sloan Lake","232219021000","39.750886975985445","-105.03394205932099"
"old_house_teardown_candidate","2224 N RALEIGH ST, DENVER, CO 80212-1126","80212-1126","LARKINS,CHRISOPHER","U-SU-C1","9520","1894","2859","1022500","2091800","2016","750000","2517","83","403","West Colfax","231137005000","39.75045987580445","-105.04127016905191"
"old_house_teardown_candidate","831 S CLARKSON ST, DENVER, CO 80209-4325","80209-4325","NEXHIP,COLIN","U-SU-B","6460","1905","1946","455200","1224600","2021","1117920","2517","94","424","Washington Park","515616021000","39.701374565735144","-104.97840082306699"
"old_house_teardown_candidate","2929 W 34TH AVE, DENVER, CO 80211-3237","80211-3237","VECCHIARELLI,CHARLES M","U-TU-B","6570","1890","884","108200","650400","","","2515","83","412","Highland","229119009000","39.764723762440894","-105.02440374600833"
"old_house_teardown_candidate","2215 N JULIAN ST, DENVER, CO 80211-5026","80211-5026","SANDVOLD,TODD W","U-TU-C","6330","1900","1672","270600","974500","2014","339000","2514","174","357","Sloan Lake","232220013000","39.75039439460786","-105.0319257737333"
"old_house_teardown_candidate","2535 N HOOKER ST, DENVER, CO 80211-4534","80211-4534","ROBERTS,EMILY","U-TU-C","10300","1885","1795","62500","1113800","2022","1035000","2513","121","387","Sloan Lake","232203011000","39.754319776499","-105.0287708996984"
"old_house_teardown_candidate","1919 W 35TH AVE, DENVER, CO 80211-2901","80211-2901","KERR,JOHN P & GRETCHEN B","U-TU-B","6240","1891","1666","53800","1000400","2001","246000","2513","166","371","Highland","228215016000","39.76593014107925","-105.01009480117398"
"old_house_teardown_candidate","3721 N LOWELL BLVD, DENVER, CO 80211-2761","80211-2761","GUNDERSEN,CURTIS R","U-SU-B1","6350","1904","828","1000","734900","2001","229900","2513","92","406","Berkeley","230101015000","39.76812226462572","-105.03499985854685"
"old_house_teardown_candidate","2105 W 33RD AVE, DENVER, CO 80211-3415","80211-3415","LUCERO,STEPHEN P & ARLETTE","U-TU-B","8000","1894","1820","212400","934900","1990","0","2512","170","371","Highland","228228012000","39.7635764496295","-105.01206424108412"
"old_house_teardown_candidate","2511 N IRVING ST, DENVER, CO 80211-4540","80211-4540","UNFUG,DOUGLAS R & LARISSA C","U-TU-C","6250","1900","1543","66300","763200","2011","0","2512","125","385","Sloan Lake","232204024000","39.75393962177029","-105.03035769810128"
"old_house_teardown_candidate","3524 W 23RD AVE, DENVER, CO 80211-4424","80211-4424","FRIEDLEY,PAUL A & KRISTI J","U-TU-C","6560","1900","1386","1000","725000","2001","202500","2511","154","367","Sloan Lake","232219020000","39.75083390063855","-105.03378317664409"
"old_house_teardown_candidate","3883 N IRVING ST, DENVER, CO 80211-1934","80211-1934","SCHROEDER,BRYCE","U-SU-B1","6880","1901","1046","199300","668700","2012","329000","2511","70","416","Berkeley","220329028000","39.770466412102","-105.03033582905155"
"old_house_teardown_candidate","1825 S CLARKSON ST, DENVER, CO 80210-3201","80210-3201","HEATON,THERESA A","U-SU-B1","8120","1892","1886","429700","1359000","2015","0","2509","123","393","Platt Park","522738023000","39.683498894512105","-104.978490937171"
"old_house_teardown_candidate","2104 W 34TH AVE, DENVER, CO 80211-3423","80211-3423","TOLEDO,ARTHUR JR","U-TU-B","8000","1900","1140","114600","837100","2000","1","2506","170","370","Highland","228228028000","39.76412501840974","-105.01205426997501"
"old_house_teardown_candidate","2025 W 34TH AVE, DENVER, CO 80211-3420","80211-3420","FERNANDEZ,SILVIA","U-TU-B","6220","1901","1151","200100","790200","2004","0","2506","174","368","Highland","228221012000","39.76472357666437","-105.01186186660475"
"old_house_teardown_candidate","2547 W 32ND AVE, DENVER, CO 80211-3323","80211-3323","NAYLOR,SHAWN","U-TU-B","10900","1895","2342","950500","1776100","2011","630000","2505","108","400","Highland","229135007000","39.76229938244431","-105.01849537096707"
"old_house_teardown_candidate","3161 W 39TH AVE, DENVER, CO 80211-2005","80211-2005","NELSON,ANDREA L","U-SU-B1","6250","1905","1258","156900","594200","2013","0","2505","64","417","Berkeley","220325022000","39.771507841480556","-105.02904206501476"
"old_house_teardown_candidate","2223 N KING ST, DENVER, CO 80211-5030","80211-5030","SLATER,TIMOTHY R","U-TU-C","6290","1891","2061","455700","1156100","2019","590000","2503","152","367","Sloan Lake","232219015000","39.750502786037394","-105.0334888251073"
"old_house_teardown_candidate","3937 N JULIAN ST, DENVER, CO 80211-1927","80211-1927","RIDGEWAY,ROBERT D","U-SU-B1","6250","1885","1660","281100","718400","2003","73500","2502","87","406","Berkeley","220323012000","39.771448218455376","-105.03188680698425"
"old_house_teardown_candidate","2518 N IRVING ST, DENVER, CO 80211-4541","80211-4541","ANESI,ERIC WILFRED","U-TU-C","8420","1886","1701","41100","927900","2021","0","2502","118","387","Sloan Lake","232203005000","39.754132852276","-105.02945354575681"
"old_house_teardown_candidate","1924 S LOGAN ST, DENVER, CO 80210-4028","80210-4028","LEGGE,GARY D","U-SU-B1","6250","1900","726","1000","753600","2012","10","2502","133","383","Overland","527106004000","39.68157560952343","-104.98254638495271"
"old_house_teardown_candidate","4148 N BRYANT ST, DENVER, CO 80211-1736","80211-1736","KIDNEY,CYNTHIA","U-SU-C1","7330","1895","1534","329600","821100","2013","417000","2501","126","385","Sunnyside","220414001000","39.773924011866114","-105.01870487302212"
"old_house_teardown_candidate","3320 N DECATUR ST, DENVER, CO 80211-3240","80211-3240","GOLDHAIR,KATIE WILLIAMS","U-TU-B","6250","1900","1946","662000","1183300","2016","680000","2501","89","407","Highland","229128007000","39.763616069642126","-105.02176977106562"
"old_house_teardown_candidate","4128 N BRYANT ST, DENVER, CO 80211-1736","80211-1736","MADRID,ELIZABETH","U-SU-C1","6580","1906","432","57000","511700","2008","0","2501","126","385","Sunnyside","220414004000","39.773510323248665","-105.01855090108167"
"old_house_teardown_candidate","627 S CORONA ST, DENVER, CO 80209-4405","80209-4405","VITALE,TODD GRIMSRUD","U-SU-C","7620","1897","3661","820100","2012100","2005","0","2496","116","410","Washington Park","514227025000","39.7052656487045","-104.97492846742259"
"old_house_teardown_candidate","2705 N MEADE ST, DENVER, CO 80211-4076","80211-4076","GEIGER,NICHOLAS","U-SU-C1","6650","1900","1255","444700","1000900","2021","1058500","2491","120","384","Sloan Lake","230419010000","39.756811228097284","-105.03611409490013"
"old_house_teardown_candidate","2512 N IRVING ST, DENVER, CO 80211-4541","80211-4541","THACKER,BENJAMIN R","U-TU-C","6213","1886","1258","1000","694600","2012","349500","2490","121","383","Sloan Lake","232203020000","39.75396536161808","-105.02952260642117"
"old_house_teardown_candidate","2073 S LOGAN ST, DENVER, CO 80210-4029","80210-4029","AASVED,DANE MILO","U-SU-B1","6247","1888","1233","243900","801200","2017","491000","2490","128","382","Overland","527114032000","39.67894587670714","-104.98328125041043"
"old_house_teardown_candidate","1928 S LOGAN ST, DENVER, CO 80210-4028","80210-4028","BURGET,WILLIAM BLAKE","U-SU-B1","6250","1895","2324","479100","1231700","2017","750000","2489","128","383","Overland","527106005000","39.681457858194285","-104.9825472530387"
"old_house_teardown_candidate","3260 W 41ST AVE, DENVER, CO 80211-1616","80211-1616","DUANE,ANDREW D","U-SU-B1","6250","1895","1424","364000","801300","2021","10","2488","64","414","Berkeley","220318001000","39.772730356309","-105.02973421748943"
"old_house_teardown_candidate","4206 N UMATILLA ST, DENVER, CO 80211-1819","80211-1819","FINK,DANNY R","U-TU-C","6250","1896","1291","54600","679300","1990","0","2483","136","376","Highland","221312010000","39.774285176088576","-105.012025394377"
"old_house_teardown_candidate","2933 W 33RD AVE, DENVER, CO 80211-3232","80211-3232","WINSTON,ERICK BRIAN","U-TU-B","6240","1900","1467","479100","999700","2013","445000","2483","88","403","Highland","229130011000","39.763488542209274","-105.02448896804154"
"old_house_teardown_candidate","1840 S PEARL ST, DENVER, CO 80210-3137","80210-3137","BARNES,MATHEW RICHARD","U-TU-C","6250","1889","1335","268900","714900","1998","193700","2481","146","376","Platt Park","522737007000","39.683152795800005","-104.9801075265461"
"old_house_teardown_candidate","2500 N IRVING ST, DENVER, CO 80211-4541","80211-4541","CARTER,CAROL J","U-TU-C","9960","1898","2934","694900","1716400","2012","642000","2481","120","382","Sloan Lake","232203008000","39.75382027877578","-105.02948021788944"
"old_house_teardown_candidate","2242 N MEADE ST, DENVER, CO 80211-5056","80211-5056","GRIMM,NATHANIEL D","U-SU-C1","6350","1890","1290","64000","855900","2021","0","2480","136","370","Sloan Lake","231132002000","39.75082653706544","-105.035440670629"
"old_house_teardown_candidate","3129 W 25TH AVE, DENVER, CO 80211-4611","80211-4611","HUELSKAMP,MICHAEL D","U-TU-C","6270","1890","1131","254000","952600","2013","425000","2478","117","382","Sloan Lake","232202014000","39.753931429135854","-105.02758921056343"
"old_house_teardown_candidate","2611 W 32ND AVE, DENVER, CO 80211-3380","80211-3380","THOMAS,CHARLIE S","U-TU-B","12466","1905","2686","1354600","2282700","2022","2638300","2477","95","402","Highland","229134048000","39.76227400055938","-105.01924851879693"
"old_house_teardown_candidate","3555 N FEDERAL BLVD, DENVER, CO 80211-2801","80211-2801","REITER,JOHN","U-SU-C1","10100","1906","2621","1247100","1598600","2019","991000","2477","61","418","Highland","229216024000","39.76632357224733","-105.02563164730367"
"old_house_teardown_candidate","3945 N KING ST, DENVER, CO 80211-1931","80211-1931","FOX,JAMES DYSART & DANA P","U-SU-B1","7500","1903","1507","170300","670100","1991","45000","2476","96","397","Berkeley","220322022000","39.77161414935178","-105.03342310389"
"old_house_teardown_candidate","332 S GILPIN ST, DENVER, CO 80209-2615","80209-2615","ANDERSON,CLINT","U-SU-C","6240","1905","2338","199600","1509100","2016","914000","2475","145","396","Washington Park","514107007000","39.710290718485716","-104.96719762316886"
"old_house_teardown_candidate","2260 N MEADE ST, DENVER, CO 80211-5056","80211-5056","VIDAL,GABE M (LIFE ESTATE)","U-SU-C1","9520","1898","2078","147100","1216400","2021","1","2474","133","371","Sloan Lake","231132001000","39.75100263362991","-105.0354034509441"
"old_house_teardown_candidate","4203 N ALCOTT ST, DENVER, CO 80211-1752","80211-1752","SHANNON,KYLE","U-SU-C1","7120","1901","2083","483600","964800","2022","818300","2471","123","381","Sunnyside","220411007000","39.774359325564","-105.0177454981314"
"old_house_teardown_candidate","3763 N MEADE ST, DENVER, CO 80211-2754","80211-2754","SMITH,JAMES H","U-SU-B1","10795","1900","2743","35900","1174200","1992","0","2469","89","399","Berkeley","230102021000","39.768703469802","-105.03612830125715"
"old_house_teardown_candidate","1961 S GRANT ST, DENVER, CO 80210-4021","80210-4021","GARCIA,ALFONSO R JR & DIANNE M","U-SU-B1","6250","1890","2458","506400","1259000","2006","0","2468","128","378","Overland","527108017000","39.68103147500499","-104.984380800859"
"old_house_teardown_candidate","1453 N VRAIN ST, DENVER, CO 80204-1128","80204-1128","BAUER,RAYMOND B","U-SU-C2","9370","1903","791","179700","433200","","","2467","147","350","West Colfax","506203017000","39.73952135653949","-105.04673621885534"
"old_house_teardown_candidate","3079 W 34TH AVE, DENVER, CO 80211-3205","80211-3205","YAHR,MEGAN A","U-SU-B1","6250","1905","2986","1098400","1711700","2015","520000","2464","60","415","Highland","229217012000","39.7649661079274","-105.0271988148692"
"old_house_teardown_candidate","2042 S GRANT ST, DENVER, CO 80210-4024","80210-4024","LOO,SHANNON L","U-SU-B1","6250","1905","1531","200900","758400","2004","349900","2464","129","377","Overland","527114005000","39.679579914124865","-104.9837865053133"
"old_house_teardown_candidate","3246 W 29TH AVE, DENVER, CO 80211-3706","80211-3706","MULLIGAN,PAUL E","U-TU-C","6680","1905","1363","455200","984000","2004","255000","2462","83","400","Sloan Lake","229317002000","39.75815027147165","-105.02936850703527"
"old_house_teardown_candidate","2064 S GRANT ST, DENVER, CO 80210-4024","80210-4024","HOLLIS,CONOR P","U-SU-B1","6250","1900","1136","145800","703300","2017","440000","2459","127","377","Overland","527114008000","39.67917037651472","-104.98378799399084"
"old_house_teardown_candidate","2447 W 32ND AVE, DENVER, CO 80211-3321","80211-3321","FRITZ,ZACHARY","U-TU-B","6250","1900","1776","303500","824800","2012","0","2458","112","391","Highland","229136010000","39.76232570977089","-105.01698793782856"
"old_house_teardown_candidate","3833 N KING ST, DENVER, CO 80211-1929","80211-1929","SCHLEY,CHARLES ANGEL","U-SU-B1","6250","1896","2095","461300","898600","2016","10","2457","88","398","Berkeley","220331016000","39.77020661917167","-105.03347847475466"
"old_house_teardown_candidate","3837 N KING ST, DENVER, CO 80211-1929","80211-1929","BROWN,KAREN J","U-SU-B1","6250","1898","2148","387600","824900","2020","10","2457","88","398","Berkeley","220331017000","39.77034386247","-105.03347754898043"
"old_house_teardown_candidate","2185 S SHERMAN ST, DENVER, CO 80210-4412","80210-4412","ARNESEN,JOHN FRANCIS JR","U-TU-B","12500","1898","1644","39600","890800","","","2456","176","351","Overland","527211017000","39.67727473850491","-104.98549768743328"
"old_house_teardown_candidate","2136 S SHERMAN ST, DENVER, CO 80210-4413","80210-4413","MOORE,TERRY M & KERRY P","U-TU-B","6250","1905","919","210500","710200","","","2455","164","357","Overland","527210005000","39.67777434114685","-104.984886356056"
"old_house_teardown_candidate","3528 W 39TH AVE, DENVER, CO 80211-1919","80211-1919","LINDEN-JOHNSON,MICHAELE D","U-SU-B1","7750","1900","1503","381500","893600","2014","10","2451","90","396","Berkeley","220331021000","39.77026318937758","-105.03389746104291"
"old_house_teardown_candidate","3532 W 39TH AVE, DENVER, CO 80211-1919","80211-1919","EDGAR,DOUGLAS J","U-SU-B1","6120","1900","1646","191900","619400","1989","0","2451","90","396","Berkeley","220331022000","39.77038551493511","-105.03395548415278"
"old_house_teardown_candidate","4215 N ALCOTT ST, DENVER, CO 80211-1752","80211-1752","SPURLOCK,TYLER","U-SU-C1","6560","1900","1332","487700","941400","2020","499000","2451","118","380","Sunnyside","220411009000","39.774608244434795","-105.0179179911822"
"old_house_teardown_candidate","2228 N JULIAN ST, DENVER, CO 80211-5027","80211-5027","TOPPING,SEAN","U-TU-C","10300","1890","2008","1000","1052300","2013","425000","2450","174","346","Sloan Lake","232221004000","39.750622345004","-105.0310632197498"
"old_house_teardown_candidate","616 S OGDEN ST, DENVER, CO 80209-4420","80209-4420","GUIRY,MICHAEL","U-SU-C","6350","1895","1933","1000","1046300","2002","10","2446","116","400","Washington Park","514227003000","39.705239534798906","-104.97540101682593"
"old_house_teardown_candidate","4130 N RARITAN ST, DENVER, CO 80211-1850","80211-1850","CARDONA,ARTHUR V & DOROTHY C","U-TU-C","7250","1898","2305","258200","954700","2006","0","2446","157","359","Highland","221318029000","39.77351595703166","-105.00848752665966"
"old_house_teardown_candidate","3209 W FAIRVIEW PL, DENVER, CO 80211-3209","80211-3209","DAVIS,STEVEN H","U-SU-B1","12500","1891","3431","2074500","3169000","2016","375000","2444","69","406","Highland","229223011000","39.76342621519019","-105.02801400635876"
"vacant_lot","990 KING ST, DENVER, CO 80204","80204","CLAUGUS,MICHAEL VINCENT","E-SU-D1","6250","","","0","218600","2018","145000","2097","86","316","West Colfax","05053-23-001-000","39.732803","-105.033006"
"vacant_lot","1904 S ADAMS ST, DENVER, CO 80210","80210","HANG,TOAN","E-SU-D","7500","","","0","535500","2021","540000","1774","44","307","University Park","05251-06-002-000","39.68171","-104.948996"
"vacant_lot","1731 S JACKSON ST, DENVER, CO 80210","80210","WILLMON,KONG CHOUA","E-SU-DX","6652","","","0","523700","2018","322500","1626","29","286","Cory - Merrill","05244-17-030-000","39.685104","-104.943349"
"vacant_lot","909 WOLFF ST, DENVER, CO 80204","80204","ZACHARY EDWARD PATTON","E-TU-C","6350","","","0","111190","2021","470000","1620","95","230","West Colfax","05066-05-020-000","39.73157","-105.049005"
"vacant_lot","823 JULIAN ST, DENVER, CO 80204","80204","SUZANNE P THOMAS","E-SU-D1","6250","","","0","59020","2020","162000","1601","44","251","West Colfax","05053-27-035-000","39.72977","-105.031301"
"vacant_lot","2485 S HIGH ST, DENVER, CO 80210","80210","DOUGLAS RYDER","E-TU-C","6250","","","0","168670","2021","600000","1588","96","242","University","05266-07-013-000","39.671549","-104.965591"
"vacant_lot","2501 S HIGH ST, DENVER, CO 80210","80210","HOFFMAN,PAUL S","E-TU-C","6250","","","0","562200","2018","10","1554","94","237","University","05266-18-019-000","39.671103","-104.965581"
"vacant_lot","2501 S HIGH ST, DENVER, CO 80210","80210","PAUL S HOFFMAN","E-SU-DX","6250","","","0","151790","2018","10","1548","94","236","University","05266-18-019-000","39.670975","-104.965592"
"vacant_lot","417 JACKSON ST, DENVER, CO 80206","80206","THOMAS A PETRIE","G-RH-3","6250","","","0","337310","2013","675000","1453","75","229","Cherry Creek","05121-03-023-000","39.722986","-104.94291"
"vacant_lot","653 QUITMAN ST, DENVER, CO 80204","80204","TRETA,ROBERT J","E-SU-D1X","6250","","","0","218600","2022","195000","1416","37","223","West Colfax","05065-25-065-000","39.727563","-105.040876"
"vacant_lot","2315 N DOWNING ST, DENVER, CO 80205","80205","ERICSON,KARIN","U-SU-A1","6140","","","0","384900","2015","10","1034","34","164","City Park West","02352-21-053-000","39.751054","-104.973732"
"vacant_lot","2882 N MONROE ST, DENVER, CO 80205","80205","DAVID PAGANO","E-TU-C","9880","","","0","142670","2021","550000","931","23","154","North Park Hill","02254-24-012-000","39.757995","-104.944952"
"vacant_lot","2910 FAIRFAX ST, DENVER, CO 80207","80207","BLOOM,DARREN","E-SU-D1X","6250","","","0","437300","2015","175000","892","41","141","North Park Hill","01304-12-024-000","39.758661","-104.927916"
"vacant_lot","3437 N ADAMS ST, DENVER, CO 80205","80205","MARIA CARMEN RUIZ","U-SU-B1","6250","","","0","84320","2010","29000","828","40","125","Clayton","02251-29-015-000","39.765276","-104.949073"
"vacant_lot","3550 N STEELE ST, DENVER, CO 80205","80205","SHAWN SIMMONS","U-SU-B1","7720","","","0","98470","2018","10","795","42","118","Clayton","02251-26-018-000","39.766639","-104.949562"
"vacant_lot","3098 FAIRFAX ST, DENVER, CO 80207","80207","COLEMAN,SAUNDRA T","E-SU-DX","6250","","","0","437300","2017","10","792","43","121","North Park Hill","01304-05-001-000","39.761709","-104.92791"
"vacant_lot","2233 GLENARM PL # VCNT, DENVER, CO 80205","80205","IWAKIRI,NED H","G-RX-5","9381","","","0","797400","2016","10","608","16","97","City Park West","02341-15-012-000","39.750185","-104.982763"
"vacant_lot","3846 N ADAMS ST, DENVER, CO 80205","80205","SMITH,TROY T","U-SU-B","6000","","","0","299000","1999","53000","595","25","91","Clayton","02244-34-042-000","39.770194","-104.948405"
"vacant_lot","3846 N ADAMS ST, DENVER, CO 80205","80205","SMITH,TROY T","U-SU-B","6000","","","0","299000","1999","53000","595","25","91","Clayton","02244-34-042-000","39.770319","-104.948483"
"vacant_lot","3815 N MADISON ST, DENVER, CO 80205","80205","DAWUD TAYLOR","E-SU-DX","6250","","","0","67470","2006","43000","576","26","87","Clayton","02244-33-017-000","39.769553","-104.946729"
"vacant_lot","2710 W BATES AVE, DENVER, CO 80236","80236","VARGAS,DANIEL","S-SU-F1","8330","","","0","82100","2019","15000","549","55","65","Harvey Park South","05321-10-033-000","39.663102","-105.021308"
"vacant_lot","2832 S DECATUR ST, DENVER, CO 80236","80236","GODDARD,DICK","S-SU-F1","6102","","","0","43700","1994","4800","549","55","65","Harvey Park South","05321-07-071-000","39.664614","-105.021857"
"vacant_lot","2710 W BATES AVE, DENVER, CO 80236","80236","VARGAS,DANIEL","S-SU-F1","8330","","","0","82100","2019","15000","549","55","65","Harvey Park South","05321-10-033-000","39.663468","-105.021298"
"vacant_lot","2832 S DECATUR ST, DENVER, CO 80236","80236","GODDARD,DICK","S-SU-F1","6102","","","0","43700","1994","4800","549","55","65","Harvey Park South","05321-07-071-000","39.664625","-105.022566"
"vacant_lot","2730 W CORNELL AVE, DENVER, CO 80236","80236","ELSNER,CLAUDIA","S-SU-F1","7340","","","0","7200","2002","4000","543","55","64","Harvey Park South","05321-13-071-000","39.661615","-105.021441"
"vacant_lot","2730 W CORNELL AVE, DENVER, CO 80236","80236","ELSNER,CLAUDIA","S-SU-F1","7340","","","0","7200","2002","4000","543","55","64","Harvey Park South","05321-13-071-000","39.661624","-105.021094"
"vacant_lot","1500 S HUDSON ST, DENVER, CO 80222","80222","RINDFLEISCH,GOTTLIEB L","S-SU-D","6750","","","0","251400","2018","65000","532","16","82","Virginia Village","06194-01-025-000","39.688928","-104.92316"
"vacant_lot","3165 W ALASKA PL, DENVER, CO 80219","80219","HUYNH,DAVE","E-SU-D1X","6027","","","0","138200","2009","10","466","21","70","Westwood","05172-10-028-000","39.70881","-105.027981"
"vacant_lot","1591 QUINCE ST, DENVER, CO 80220","80220","MCKENZIE,ALEXANDRA H","E-SU-D1X","6005","","","0","127800","","","444","15","69","Montclair","01333-24-034-000","39.741851","-104.902047"
"vacant_lot","2125 PONTIAC ST, DENVER, CO 80207","80207","MARSHALL,LADEAN","E-SU-DX","8109","","","0","227000","2018","10","423","18","66","South Park Hill","01321-35-019-000","39.749143","-104.906164"
"vacant_lot","460 S HOLLY ST, DENVER, CO 80246","80246","BOREN,JOHN C","E-SU-DX","12500","","","0","191500","1998","95000","418","22","68","Hilltop","06172-09-027-000","39.708128","-104.921962"
"vacant_lot","2340 S DECATUR ST, DENVER, CO 80219","80219","TALAMANTES,BERNABE BUSTILLOS","S-SU-F1","17100","","","0","149700","2020","150000","414","4","68","Harvey Park South","05294-19-037-000","39.674368","-105.022397"
"vacant_lot","265 S MONACO STREET PKWY, DENVER, CO 80224","80224","KOTA,SANDEEP","E-SU-DX","6724","","","0","197900","2021","250000","413","11","73","Hilltop","06083-26-037-000","39.712049","-104.913392"
"vacant_lot","1385 W ALASKA PL, DENVER, CO 80223","80223","ABEYTA,EUGENE R","E-TU-C","6250","","","0","140500","","","408","10","64","Baker","05161-06-015-000","39.708703","-105.005863"
"vacant_lot","295 S MONACO STREET PKWY, DENVER, CO 80224","80224","KOTA,SANDEEP","E-SU-DX","7652","","","0","173900","2021","174000","403","11","71","Hilltop","06083-26-040-000","39.711628","-104.913393"
"vacant_lot","528 S OSCEOLA ST, DENVER, CO 80219","80219","GUARDADO,HORACIO","E-TU-C","6000","","","0","119600","2001","30000","396","16","60","Westwood","05181-37-004-000","39.70659","-105.037839"
"vacant_lot","2455 S CLAY ST, DENVER, CO 80219","80219","CANUTO,LUIS ALBERTO MONTIEL","S-SU-F1","9147","","","0","90900","2015","73750","392","4","64","Harvey Park South","05294-04-040-000","39.672414","-105.019621"
"vacant_lot","2601 W YALE AVE, DENVER, CO 80219","80219","ESQUIVEL,MIGUEL BRUNO","S-SU-F1","38490","","","0","119800","2022","280000","374","6","60","Harvey Park South","05321-01-058-000","39.667482","-105.017885"
"vacant_lot","2475 S ZUNI ST, DENVER, CO 80219","80219","O'CONNOR,DONALD","S-SU-F1","6566","","","0","63300","2014","14715","374","4","61","Harvey Park South","05294-05-048-000","39.672427","-105.015906"
"vacant_lot","3145 W ADA PL, DENVER, CO 80219","80219","YOUNG,MISUK LAURA","E-SU-D1X","8120","","","0","174200","2018","177000","372","14","57","Westwood","05173-09-009-000","39.701581","-105.027356"
"vacant_lot","5601 W 50TH AVE, DENVER, CO 80212","80212","JOHN G DELISA","S-SU-D","9620","","","0","23670","","","365","1","66","Berkeley","03134-28-027-000","39.787715","-105.058337"
"vacant_lot","812 S ELIOT ST, DENVER, CO 80219","80219","GUTIERREZ,JUAN","E-SU-D1X","6090","","","0","167100","2018","99000","361","15","54","Athmar Park","05174-10-027-000","39.701795","-105.023552"
"vacant_lot","2985 S ZUNI ST, DENVER, CO 80236","80236","RANGEL,CHRISTINA A","S-SU-F1","21000","","","0","177000","2018","10","353","3","58","Harvey Park South","05321-11-028-000","39.662641","-105.016082"
"vacant_lot","114 S QUITMAN ST, DENVER, CO 80219","80219","RASCON,CAYETANO","E-SU-D1X","6250","","","0","156200","2013","34000","350","17","52","Barnum","05074-21-022-000","39.714566","-105.040567"
"vacant_lot","4400 W ALAMEDA AVE, DENVER, CO 80219","80219","WINOKUR,CHARLES","E-TU-C","10552","","","0","120600","2016","10","344","12","53","Westwood","05182-01-030-000","39.711026","-105.044091"
"vacant_lot","3660 W KENTUCKY AVE, DENVER, CO 80219","80219","ALVAREZ MENDOZA,ADRIAN OSVALDO","E-SU-D1X","6700","","","0","151300","2022","150000","336","15","50","Westwood","05184-23-003-000","39.700089","-105.035174"
"vacant_lot","5353 PERRY ST, DENVER, CO 80212","80212","LINDHAM NGUYEN","R2","9975","","","","30680","2012","131000","331","20","51","Regis","R0105238","39.793744","-105.039633"
"vacant_lot","4319 W ALASKA PL, DENVER, CO 80219","80219","ARREOLA,CARLOS ADALBERTO","E-SU-D1X","7800","","","0","147000","2021","10000","325","14","49","Westwood","05182-05-031-000","39.709179","-105.044172"
"vacant_lot","1051 S HOOKER ST, DENVER, CO 80219","80219","HERRERA AGUILAR,EFREN G","S-SU-D","9010","","","0","45900","2010","13500","323","7","52","Westwood","05173-18-025-000","39.697563","-105.028853"
"vacant_lot","1041 S HOOKER ST, DENVER, CO 80219","80219","TREJO,JOAQUIN","S-SU-D","7800","","","0","58800","2001","12500","323","7","52","Westwood","05173-18-024-000","39.697727","-105.028817"
"vacant_lot","1245 S DALE CT, DENVER, CO 80219","80219","HODGES,TERRY M","E-SU-DX","18535","","","0","237800","2006","235000","253","5","41","Athmar Park","05201-02-058-000","39.694419","-105.022344"
"vacant_lot","300 S YATES ST, DENVER, CO 80219","80219","GUZMAN,MARTIN","E-SU-D","11700","","","0","40400","2017","290000","223","6","35","Westwood","05182-00-165-000","39.710202","-105.050222"
"vacant_lot","900 S UTICA ST, DENVER, CO 80219","80219","NGUYEN,THUY DIEM","E-SU-G","7680","","","0","72700","2011","0","222","20","28","Westwood","05183-12-025-000","39.698122","-105.045732"
"vacant_lot","915 S LOCUST ST, DENVER, CO 80224","80224","HIGINBOTHAM,LARRY L & STEVE","S-SU-D","12500","","","0","425600","1997","55000","182","2","31","Washington Virginia Vale","06173-10-013-000","39.69976","-104.914435"
"vacant_lot","4525 MILWAUKEE ST, DENVER, CO 80216","80216","ARRIETA,RAUL","E-TU-B","15800","","","0","388500","2006","90000","148","5","24","Clayton","02242-21-016-000","39.779462","-104.952246"
"vacant_lot","1935 S TEJON ST, DENVER, CO 80223","80223","WEGRICH,WILLIAM J","S-SU-F1","11505","","","0","74600","2010","0","144","2","23","Overland","05282-03-018-000","39.681488","-105.01187"
"vacant_lot","1891 W ASBURY AVE, DENVER, CO 80223","80223","RODRIGUEZ,MOISES SANCHEZ","S-SU-F1","11800","","","0","76100","2022","104500","136","2","22","Overland","05282-02-062-000","39.680928","-105.009665"
"vacant_lot","1934 S VALLEJO ST, DENVER, CO 80223","80223","GALLEGOS,ELEANOR","S-SU-F1","26500","","","0","306600","","","121","3","19","Ruby Hill","05282-03-038-000","39.681713","-105.012658"
"vacant_lot","4538 PENNSYLVANIA ST, DENVER, CO 80216","80216","ALDEN,RICHARD","E-SU-B","6187","","","0","83000","2020","185000","119","5","18","Cole","02221-23-029-000","39.779034","-104.980999"
"vacant_lot","1934 S VALLEJO ST # VCNT, DENVER, CO 80223","80223","GALLEGOS,ELEANOR","S-SU-F1","26500","","","0","306600","","","112","2","18","Ruby Hill","05282-03-038-000","39.681848","-105.013102"
"vacant_lot","1622 S FEDERAL BLVD, DENVER, CO 80219","80219","NGUYEN,HIEU CONG","E-RX-5","13485","","","0","91700","2021","1120000","106","5","16","Ruby Hill","05204-03-050-000","39.687282","-105.024121"
"vacant_lot","1660 S DECATUR ST, DENVER, CO 80219","80219","LAM,VINCENT Q","E-SU-DX","7436","","","0","85100","2018","57000","102","5","15","Ruby Hill","05204-30-208-000","39.68659","-105.022336"
"vacant_lot","1605 S DECATUR ST, DENVER, CO 80219","80219","BACA,MICHAEL E","E-SU-DX","14270","","","0","190100","2009","0","102","5","15","Ruby Hill","05204-03-042-000","39.687232","-105.023143"
"vacant_lot","1974 S ZUNI ST, DENVER, CO 80223","80223","OLSON,JACOB D & AMBER G","S-SU-F1","6753","","","0","99300","2003","5","100","2","16","Ruby Hill","05282-04-043-000","39.681228","-105.015266"
"vacant_lot","2045 S ZUNI ST, DENVER, CO 80223","80223","LOPEZ-VALDEZ,CARLOS","S-SU-F1","13254","","","0","167500","2019","155000","94","2","15","College View - South Platte","05291-07-039-000","39.679969","-105.01634"
"vacant_lot","1968 S DECATUR ST, DENVER, CO 80219","80219","URBINA,MOISES","S-SU-F1","17700","","","0","214200","2016","100000","91","3","14","Ruby Hill","05291-03-006-000","39.681163","-105.022071"
"vacant_lot","1999 S BRYANT ST, DENVER, CO 80219","80219","SANCHEZ,DEANNA M","S-SU-F1","17700","","","0","214200","2010","0","88","2","14","Ruby Hill","05291-02-011-000","39.6807","-105.018666"
"vacant_lot","2035 S ZUNI ST, DENVER, CO 80223","80223","ANDRADE,OSCAR REYES","S-SU-F1","13342","","","0","168400","2019","140000","88","2","14","Ruby Hill","05291-07-038-000","39.680126","-105.016159"
"vacant_lot","4743 N LEAF CT, DENVER, CO 80216","80216","TAVIZON,SANJUANA SOTO","E-SU-D","11200","","","0","243300","2020","10","84","9","10","Globeville","02221-10-006-000","39.7827","-104.987216"
"vacant_lot","4788 GRANT ST, DENVER, CO 80216","80216","MEDINA,JOSE A","E-SU-B","8370","","","0","193700","2012","45000","78","9","9","Globeville","02221-06-001-000","39.783637","-104.983235"
"vacant_lot","5041 LOGAN ST, DENVER, CO 80216","80216","DAVISON,ALAN S","E-SU-D","6350","","","0","114000","2021","10","75","8","9","Globeville","02154-08-033-000","39.788109","-104.983216"
"vacant_lot","4900 LOGAN ST, DENVER, CO 80216","80216","VALVERDE,SHIRLEY C","E-SU-D","18100","","","0","78800","2013","10","75","8","9","Globeville","02154-11-002-000","39.786755","-104.982672"
"vacant_lot","4900 GRANT ST, DENVER, CO 80216","80216","ARCHULETA,BARBARA A & WESLEY D","E-SU-D","9370","","","0","96300","2015","10","75","8","9","Globeville","02154-12-007-000","39.786493","-104.98322"
"vacant_lot","4973 N GRANT ST, DENVER, CO 80216","80216","HINE-RAMSBERGER,HARRISON","E-SU-D","6250","","","0","87500","2019","95000","75","8","9","Globeville","02154-13-020-000","39.786867","-104.983841"
"vacant_lot","4900 GRANT ST, DENVER, CO 80216","80216","ARCHULETA,BARBARA A & WESLEY D","E-SU-D","9370","","","0","96300","2015","10","75","8","9","Globeville","02154-12-007-000","39.78581","-104.9834"
"vacant_lot","4605 GRANT ST, DENVER, CO 80216","80216","RODRIGUEZ,ELEANOR","E-SU-B","6250","","","0","156200","2008","5000","67","5","9","Globeville","02221-14-038-000","39.780427","-104.983824"
"vacant_lot","6105 W HAMPDEN AVE, DENVER, CO 80227","80227","NGUYEN,TRONG H","R-2-A","7270","","","0","10600","2017","221000","67","1","11","Bear Valley","04366-00-005-000","39.653816","-105.064296"
"vacant_lot","5030 MILWAUKEE ST, DENVER, CO 80216","80216","LOZANO,KELLY HADID CASTANEDA","E-SU-D","6000","","","0","89700","2017","70000","30","2","5","Elyria Swansea","02133-07-022-000","39.788216","-104.951952"
"vacant_lot","4931 QUENTIN ST, DENVER, CO 80239","80239","NGUYEN,HAI NGOC","S-SU-D","7550","","","0","71800","2022","0","21","1","3","Montbello","01133-07-008-000","39.786554","-104.84488"
"vacant_lot","4901 QUENTIN ST, DENVER, CO 80239","80239","LOZANO,KELLY HADID CASTANEDA","S-SU-D","9500","","","0","85400","2015","55000","21","1","3","Montbello","01133-07-009-000","39.786292","-104.844919"
"vacant_lot","5100 FILLMORE ST, DENVER, CO 80216","80216","VASQUEZ,FRANCISCO & JAVIER","E-SU-D","18900","","","0","90700","2006","21000","18","2","3","Elyria Swansea","02133-03-004-000","39.789783","-104.953057"
"vacant_lot","900 S FLORENCE ST, DENVER, CO 80247","80247","WATKINS,LEONARD","S-SU-I","12100","","","0","114700","2003","0","9","1","1","Windsor","06154-01-020-000","39.699432","-104.871553"
"vacant_lot","901 S FULTON ST, AURORA, CO 80247","80247","UMBAUGH,JOHN SCOTT & EILEEN","S-SU-I","6805","","","0","56600","2009","550000","9","1","1","Windsor","06154-01-080-000","39.700118","-104.871147"
"vacant_lot","1034 S FULTON ST, AURORA, CO 80247","80247","NARANTUYA,AMGALANBAATAR","S-SU-I","39073","","","0","273200","2022","320000","9","1","1","Windsor","06154-21-026-000","39.698012","-104.869794"
"vacant_lot","901 S FULTON ST, AURORA, CO 80247","80247","UMBAUGH,JOHN SCOTT & EILEEN","S-SU-I","6805","","","0","56600","2009","550000","9","1","1","Windsor","06154-01-080-000","39.700261","-104.871004"