opportunityType,priorityScore,growthNeighborhood,address,zip,ownerName,ownerType,ownerMailingAddress,zoning,landUse,lotSqft,lotAcres,publicImprovementValue,assessedTotal,lastSaleDate,lastSalePrice,yearsOwned,growthScore,nearbyPermitsHalfMile,nearbyPermitsOneMile,nearbyPermitsTwoMiles,offMarketStatus,apn,lat,lng,flags
priority_vacant_lot,11500,Washington Park,"2080 S JOSEPHINE ST, DENVER, CO 80210",80210,OBSERVATORY GREEN,Allowed owner,"PO BOX 24729, DENVER, CO, 80224-0729",R-3,VACANT LAND /GENERAL COMMON ELEMENTS,15302,0.3513,0,100,,0,,1049,34,109,409,No exact match in local active-listing exports; public-record/off-market best effort,525209022000,39.678845454629844,-104.95751649000267,priority_vacant_lot; owner_available; owner_allowed; off_market_best_effort; 7000_plus_sqft; sale_year_unknown_needs_enrichment
priority_vacant_lot,11478,Washington Park,"1904 S ADAMS ST, DENVER, CO 80210",80210,"HANG,TOAN",Allowed owner,"9275 FOX FIRE DR, HIGHLANDS RANCH, CO, 80129-6424",E-SU-D,VACANT LAND,7500,0.1722,0,535500,2021,540000,5,966,17,125,363,No exact match in local active-listing exports; public-record/off-market best effort,525106002000,39.681714347286004,-104.94902413063558,priority_vacant_lot; owner_available; owner_allowed; off_market_best_effort; 7000_plus_sqft; owned_5_plus_years
priority_vacant_lot,11470,West Colfax,"1590 N TENNYSON ST VCNT, DENVER, CO ",,1500 TENNYSON LLC,LLC,"1635 TENNYSON ST, DENVER, CO, 80204-1231",U-SU-C2,VACANT LAND,7000,0.1607,0,679000,2016,0,10,741,64,178,278,No exact match in local active-listing exports; public-record/off-market best effort,231421001000,39.74254239697101,-105.04365124806915,priority_vacant_lot; owner_available; llc_owner; off_market_best_effort; 7000_plus_sqft; owned_5_plus_years
priority_vacant_lot,11457,West Colfax,"1578 N TENNYSON ST, DENVER, CO ",,1500 TENNYSON LLC,LLC,"1635 TENNYSON ST, DENVER, CO, 80204-1231",U-SU-C2,VACANT LAND,7120,0.1635,0,687400,2016,0,10,736,64,176,276,No exact match in local active-listing exports; public-record/off-market best effort,231421007000,39.74211635560344,-105.04370747349367,priority_vacant_lot; owner_available; llc_owner; off_market_best_effort; 7000_plus_sqft; owned_5_plus_years
priority_vacant_lot,11452,Washington Park,"3333 E FLORIDA AVE, DENVER, CO 80210",80210,BISCAYNE,Allowed owner,"3333 E FLORIDA AVE, DENVER, CO, 80210-2517",R-1,VACANT LAND /GENERAL COMMON ELEMENTS,9600,0.2204,0,100,,0,,995,26,112,371,No exact match in local active-listing exports; public-record/off-market best effort,524115138000,39.689546761004856,-104.94773098854925,priority_vacant_lot; owner_available; owner_allowed; off_market_best_effort; 7000_plus_sqft; sale_year_unknown_needs_enrichment
priority_vacant_lot,11407,Washington Park,"3301 E FLORIDA AVE, DENVER, CO ",,BISCAYNE,Allowed owner,"3333 E FLORIDA AVE, DENVER, CO, 80210-2517",R-1,VACANT LAND /GENERAL COMMON ELEMENTS,149000,3.4206,0,100,,0,,989,27,92,375,No exact match in local active-listing exports; public-record/off-market best effort,524115168000,39.690261783343246,-104.94769547443639,priority_vacant_lot; owner_available; owner_allowed; off_market_best_effort; 7000_plus_sqft; sale_year_unknown_needs_enrichment
priority_vacant_lot,11368,West Colfax,"4700 W 17TH AVE, DENVER, CO ",,4700 W 17TH LLC,LLC,"1635 TENNYSON ST, DENVER, CO, 80204-1231",U-SU-C2,VACANT LAND,25300,0.5808,0,2156000,2016,1,10,669,19,166,269,No exact match in local active-listing exports; public-record/off-market best effort,231307015000,39.74355806436401,-105.0478193925173,priority_vacant_lot; owner_available; llc_owner; off_market_best_effort; 7000_plus_sqft; owned_5_plus_years
priority_vacant_lot,11367,Washington Park,"2731 E ALAMEDA AVE, DENVER, CO ",,PENNPROP I LLC,LLC,"252 CLAYTON ST, DENVER, CO, 80206-4800",S-SU-I,VACANT LAND,11372,0.2611,0,1083500,,0,,868,16,122,307,No exact match in local active-listing exports; public-record/off-market best effort,512413027000,39.711400101620846,-104.95455524553905,priority_vacant_lot; owner_available; llc_owner; off_market_best_effort; 7000_plus_sqft; sale_year_unknown_needs_enrichment
priority_vacant_lot,11353,Washington Park,"2905 E CEDAR AVE, DENVER, CO 80209",80209,BPB CEDAR INVESTMENTS LLC,LLC,"252 CLAYTON ST, DENVER, CO, 80206-4800",S-SU-I,VACANT LAND,12001,0.2755,0,1132000,2021,0,5,864,10,118,308,No exact match in local active-listing exports; public-record/off-market best effort,512403026000,39.71316091445743,-104.95330515563242,priority_vacant_lot; owner_available; llc_owner; off_market_best_effort; 7000_plus_sqft; owned_5_plus_years
priority_vacant_lot,11348,Washington Park,"2925 E CEDAR AVE, DENVER, CO 80209",80209,BPB CEDAR INVESTMENTS LLC,LLC,"252 CLAYTON ST, DENVER, CO, 80206-4800",S-SU-I,VACANT LAND,12885,0.2958,0,1200000,2021,0,5,863,10,117,308,No exact match in local active-listing exports; public-record/off-market best effort,512403027000,39.713366305605454,-104.95329204699046,priority_vacant_lot; owner_available; llc_owner; off_market_best_effort; 7000_plus_sqft; owned_5_plus_years
priority_vacant_lot,11346,Washington Park,"100 S UNIVERSITY BLVD, DENVER, CO 80209",80209,BELCOURT PROPERTIES LLC,LLC,"PO BOX 6401, DENVER, CO, 80206-0401",R-1,VACANT LAND /GENERAL COMMON ELEMENTS,14568,0.3344,0,100,1990,1575000,36,848,12,112,305,No exact match in local active-listing exports; public-record/off-market best effort,512407045000,39.71447513119444,-104.95814407094358,priority_vacant_lot; owner_available; llc_owner; off_market_best_effort; 7000_plus_sqft; owned_5_plus_years
priority_vacant_lot,11337,Washington Park,"2945 E CEDAR AVE, DENVER, CO 80209",80209,BPB CEDAR INVESTMENTS LLC,LLC,"252 CLAYTON ST, DENVER, CO, 80206-4800",S-SU-I,VACANT LAND,12885,0.2958,0,1200000,2021,0,5,860,9,115,308,No exact match in local active-listing exports; public-record/off-market best effort,512403028000,39.71330978893464,-104.95310562647255,priority_vacant_lot; owner_available; llc_owner; off_market_best_effort; 7000_plus_sqft; owned_5_plus_years
priority_vacant_lot,11337,Washington Park,"2965 E CEDAR AVE, DENVER, CO 80209",80209,BPB CEDAR INVESTMENTS LLC,LLC,"252 CLAYTON ST, DENVER, CO, 80206-4800",S-SU-I,VACANT LAND,12000,0.2755,0,1131900,2021,0,5,860,9,115,308,No exact match in local active-listing exports; public-record/off-market best effort,512403029000,39.71319510460722,-104.95300165570157,priority_vacant_lot; owner_available; llc_owner; off_market_best_effort; 7000_plus_sqft; owned_5_plus_years
priority_vacant_lot,11307,Washington Park,"2970 E CHERRY CREEK SOUTH DR, DENVER, CO 80209",80209,ENCLAVE AT CHERRY CREEK,Allowed owner,"2970 E CHERRY CREEK SOUTH DR, DENVER, CO, 80209-3264",R-1,VACANT LAND /GENERAL COMMON ELEMENTS,10750,0.2468,0,100,,0,,861,7,109,310,No exact match in local active-listing exports; public-record/off-market best effort,512403023000,39.713969996180985,-104.9526026163722,priority_vacant_lot; owner_available; owner_allowed; off_market_best_effort; 7000_plus_sqft; sale_year_unknown_needs_enrichment
priority_vacant_lot,11302,Washington Park,"3070 E CHERRY CREEK SOUTH DR MISC, DENVER, CO ",,AUSTIN-NOLLSCH DEVELOPMENT LIMITED LIABILITY CO,Allowed owner,"5105 DTC PKWY, GREENWOOD VILLAGE, CO, 80111-2610",PUD,VACANT LAND /GENERAL COMMON ELEMENTS,7430,0.1706,0,100,,0,,851,13,111,299,No exact match in local active-listing exports; public-record/off-market best effort,512402041000,39.713330876342084,-104.95130809809748,priority_vacant_lot; owner_available; owner_allowed; off_market_best_effort; 7000_plus_sqft; sale_year_unknown_needs_enrichment
priority_vacant_lot,11226,Berkeley,"3701 N UTICA ST, DENVER, CO ",,HGV LAND COMPANY LLC,LLC,"1555 CALIFORNIA ST STE 301, DENVER, CO, 80202-4200",PUD,VACANT LAND,25122,0.5767,0,320300,,0,,765,46,109,320,No exact match in local active-listing exports; public-record/off-market best effort,230247031000,39.76837977776017,-105.0455908428825,priority_vacant_lot; owner_available; llc_owner; off_market_best_effort; 7000_plus_sqft; sale_year_unknown_needs_enrichment
priority_vacant_lot,11220,Berkeley,"3732 N UTICA ST MISC, DENVER, CO ",,HGV LAND COMPANY LLC,LLC,"4500 W 38TH AVE STE 210, DENVER, CO, 80212-2005",PUD,VACANT LAND /GENERAL COMMON ELEMENTS,8533,0.1959,0,100,,0,,768,43,111,322,No exact match in local active-listing exports; public-record/off-market best effort,230244010000,39.76806916487093,-105.0451990886075,priority_vacant_lot; owner_available; llc_owner; off_market_best_effort; 7000_plus_sqft; sale_year_unknown_needs_enrichment
priority_vacant_lot,11192,Central Park,"8601 E 41ST AVE, DENVER, CO ",,FC STAPLETON II LLC,LLC,"7351 E 29TH AVE # 301, DENVER, CO, 80238-2701",M-IMX-12,VACANT LAND,182929,4.1995,0,3475700,,0,,446,0,174,183,No exact match in local active-listing exports; public-record/off-market best effort,121402001000,39.77529264079752,-104.88869546986066,priority_vacant_lot; owner_available; llc_owner; off_market_best_effort; 7000_plus_sqft; sale_year_unknown_needs_enrichment
priority_vacant_lot,11181,Central Park,"8708 E 40TH AVE APPRX, DENVER, CO ",,FC STAPLETON II LLC,LLC,"7351 E 29TH AVE # 301, DENVER, CO, 80238-2701",M-IMX-12,VACANT LAND /GENERAL COMMON ELEMENTS,68694,1.577,0,100,,0,,435,0,174,177,No exact match in local active-listing exports; public-record/off-market best effort,121400137000,39.7738778730644,-104.88760661593423,priority_vacant_lot; owner_available; llc_owner; off_market_best_effort; 7000_plus_sqft; sale_year_unknown_needs_enrichment
priority_vacant_lot,11178,Central Park,"8808 E 39TH DR APPRX, DENVER, CO ",,FC STAPLETON II LLC,LLC,"7351 E 29TH AVE # 301, DENVER, CO, 80238-2701",M-IMX-12,VACANT LAND /GENERAL COMMON ELEMENTS,177959,4.0854,0,100,,0,,432,0,174,175,No exact match in local active-listing exports; public-record/off-market best effort,121400140000,39.77303525134251,-104.88724093499953,priority_vacant_lot; owner_available; llc_owner; off_market_best_effort; 7000_plus_sqft; sale_year_unknown_needs_enrichment
priority_vacant_lot,11178,Central Park,"8809 E 39TH DR, DENVER, CO ",,FC STAPLETON II LLC,LLC,"7351 E 29TH AVE # 301, DENVER, CO, 80238-2701",M-IMX-12,VACANT LAND,119005,2.732,0,2380100,,0,,432,0,174,175,No exact match in local active-listing exports; public-record/off-market best effort,121405002000,39.77329993601301,-104.88634164008597,priority_vacant_lot; owner_available; llc_owner; off_market_best_effort; 7000_plus_sqft; sale_year_unknown_needs_enrichment
priority_vacant_lot,11178,Central Park,"4054 N WILLOW ST, DENVER, CO ",,FC STAPLETON II LLC,LLC,"7351 E 29TH AVE # 301, DENVER, CO, 80238-2701",M-IMX-12,VACANT LAND,101917,2.3397,0,2038300,,0,,432,0,174,175,No exact match in local active-listing exports; public-record/off-market best effort,121403002000,39.7750322370919,-104.8879150609853,priority_vacant_lot; owner_available; llc_owner; off_market_best_effort; 7000_plus_sqft; sale_year_unknown_needs_enrichment
priority_vacant_lot,11177,Central Park,"8809 E 39TH DR APPRX, DENVER, CO ",,FC STAPLETON II LLC,LLC,"7351 E 29TH AVE # 301, DENVER, CO, 80238-2701",M-IMX-12,VACANT LAND /GENERAL COMMON ELEMENTS,49507,1.1365,0,100,,0,,432,0,174,175,No exact match in local active-listing exports; public-record/off-market best effort,121400126000,39.77339210485825,-104.88659366843306,priority_vacant_lot; owner_available; llc_owner; off_market_best_effort; 7000_plus_sqft; sale_year_unknown_needs_enrichment
priority_vacant_lot,11176,Central Park,"8701 E 41ST AVE APPRX, DENVER, CO ",,FC STAPLETON II LLC,LLC,"7351 E 29TH AVE # 301, DENVER, CO, 80238-2701",M-IMX-12,VACANT LAND /GENERAL COMMON ELEMENTS,48718,1.1184,0,100,,0,,432,0,174,175,No exact match in local active-listing exports; public-record/off-market best effort,121400129000,39.77554759100067,-104.8871127256332,priority_vacant_lot; owner_available; llc_owner; off_market_best_effort; 7000_plus_sqft; sale_year_unknown_needs_enrichment
priority_vacant_lot,11175,Central Park,"3958 N YOSEMITE ST APPRX, DENVER, CO ",,FC STAPLETON II LLC,LLC,"7351 E 29TH AVE # 301, DENVER, CO, 80238-2701",M-IMX-12,VACANT LAND /GENERAL COMMON ELEMENTS,47681,1.0946,0,100,,0,,432,0,174,175,No exact match in local active-listing exports; public-record/off-market best effort,121400125000,39.77277864960019,-104.88535962784029,priority_vacant_lot; owner_available; llc_owner; off_market_best_effort; 7000_plus_sqft; sale_year_unknown_needs_enrichment
priority_vacant_lot,11169,Central Park,"8799 E 39TH DR, DENVER, CO ",,FC STAPLETON II LLC,LLC,"7351 E 29TH AVE # 301, DENVER, CO, 80238-2701",M-IMX-12,VACANT LAND,41820,0.9601,0,836400,,0,,432,0,174,175,No exact match in local active-listing exports; public-record/off-market best effort,121405001000,39.774145368236304,-104.88635034502627,priority_vacant_lot; owner_available; llc_owner; off_market_best_effort; 7000_plus_sqft; sale_year_unknown_needs_enrichment
priority_vacant_lot,11169,Central Park,"8608 E 40TH AVE APPRX, DENVER, CO ",,FC STAPLETON II LLC,LLC,"7351 E 29TH AVE # 301, DENVER, CO, 80238-2701",M-IMX-12,VACANT LAND /GENERAL COMMON ELEMENTS,41073,0.9429,0,100,,0,,432,0,174,175,No exact match in local active-listing exports; public-record/off-market best effort,121400127000,39.77447897893673,-104.88722179526646,priority_vacant_lot; owner_available; llc_owner; off_market_best_effort; 7000_plus_sqft; sale_year_unknown_needs_enrichment
priority_vacant_lot,11166,Central Park,"4096 N XENIA ST, DENVER, CO ",,FC STAPLETON II LLC,LLC,"7351 E 29TH AVE # 301, DENVER, CO, 80238-2701",M-IMX-12,VACANT LAND,38707,0.8886,0,774100,,0,,432,0,174,175,No exact match in local active-listing exports; public-record/off-market best effort,121404001000,39.77517565689211,-104.886176621734,priority_vacant_lot; owner_available; llc_owner; off_market_best_effort; 7000_plus_sqft; sale_year_unknown_needs_enrichment
priority_vacant_lot,11166,Central Park,"4054 N WILLOW ST APPRX, DENVER, CO ",,FC STAPLETON II LLC,LLC,"7351 E 29TH AVE # 301, DENVER, CO, 80238-2701",M-IMX-12,VACANT LAND /GENERAL COMMON ELEMENTS,24649,0.5659,0,100,,0,,446,0,174,183,No exact match in local active-listing exports; public-record/off-market best effort,121400128000,39.77528245702586,-104.88871871333302,priority_vacant_lot; owner_available; llc_owner; off_market_best_effort; 7000_plus_sqft; sale_year_unknown_needs_enrichment
priority_vacant_lot,11163,Central Park,"4004 N WILLOW ST, DENVER, CO ",,FC STAPLETON II LLC,LLC,"7351 E 29TH AVE # 301, DENVER, CO, 80238-2701",M-IMX-12,VACANT LAND,35509,0.8152,0,710200,,0,,432,0,174,175,No exact match in local active-listing exports; public-record/off-market best effort,121403003000,39.77466246820818,-104.88760499200102,priority_vacant_lot; owner_available; llc_owner; off_market_best_effort; 7000_plus_sqft; sale_year_unknown_needs_enrichment
priority_vacant_lot,11163,Central Park,"4003 N WILLOW ST, DENVER, CO ",,FC STAPLETON II LLC,LLC,"7351 E 29TH AVE # 301, DENVER, CO, 80238-2701",M-IMX-12,VACANT LAND,21892,0.5026,0,437800,,0,,446,0,174,183,No exact match in local active-listing exports; public-record/off-market best effort,121402002000,39.77502190028093,-104.8889783405615,priority_vacant_lot; owner_available; llc_owner; off_market_best_effort; 7000_plus_sqft; sale_year_unknown_needs_enrichment
priority_vacant_lot,11159,Central Park,"4094 N WILLOW ST, DENVER, CO ",,FC STAPLETON II LLC,LLC,"7351 E 29TH AVE # 301, DENVER, CO, 80238-2701",M-IMX-12,VACANT LAND,31260,0.7176,0,625200,,0,,432,0,174,175,No exact match in local active-listing exports; public-record/off-market best effort,121403001000,39.77547834786633,-104.88790263302045,priority_vacant_lot; owner_available; llc_owner; off_market_best_effort; 7000_plus_sqft; sale_year_unknown_needs_enrichment
priority_vacant_lot,11155,Central Park,"4101 N WILLOW ST APPRX, DENVER, CO ",,FC STAPLETON II LLC,LLC,"7351 E 29TH AVE # 301, DENVER, CO, 80238-2701",M-IMX-12,VACANT LAND /GENERAL COMMON ELEMENTS,13895,0.319,0,100,,0,,446,0,174,183,No exact match in local active-listing exports; public-record/off-market best effort,121400131000,39.77511092710471,-104.88902719133876,priority_vacant_lot; owner_available; llc_owner; off_market_best_effort; 7000_plus_sqft; sale_year_unknown_needs_enrichment
priority_vacant_lot,11152,Central Park,"3937 N YOSEMITE ST, DENVER, CO ",,FC STAPLETON II LLC,LLC,"7351 E 29TH AVE # 301, DENVER, CO, 80238-2701",M-IMX-12,VACANT LAND,24867,0.5709,0,497300,,0,,432,0,174,175,No exact match in local active-listing exports; public-record/off-market best effort,121407001000,39.77246274199611,-104.88559004556988,priority_vacant_lot; owner_available; llc_owner; off_market_best_effort; 7000_plus_sqft; sale_year_unknown_needs_enrichment
priority_vacant_lot,11147,Central Park,"4055 N XENIA ST APPRX, DENVER, CO ",,FC STAPLETON II LLC,LLC,"7351 E 29TH AVE # 301, DENVER, CO, 80238-2701",M-IMX-12,VACANT LAND /GENERAL COMMON ELEMENTS,19886,0.4565,0,100,,0,,432,0,174,175,No exact match in local active-listing exports; public-record/off-market best effort,121400130000,39.774968225847665,-104.88657798610834,priority_vacant_lot; owner_available; llc_owner; off_market_best_effort; 7000_plus_sqft; sale_year_unknown_needs_enrichment
priority_vacant_lot,11142,Central Park,"3987 N YOSEMITE ST, DENVER, CO ",,FC STAPLETON II LLC,LLC,"7351 E 29TH AVE # 301, DENVER, CO, 80238-2701",M-IMX-12,VACANT LAND /GENERAL COMMON ELEMENTS,14706,0.3376,0,100,,0,,432,0,174,175,No exact match in local active-listing exports; public-record/off-market best effort,121400138000,39.7739019467976,-104.88605303326919,priority_vacant_lot; owner_available; llc_owner; off_market_best_effort; 7000_plus_sqft; sale_year_unknown_needs_enrichment
priority_vacant_lot,11140,Central Park,"3988 N YOSEMITE ST APPRX, DENVER, CO ",,FC STAPLETON II LLC,LLC,"7351 E 29TH AVE # 301, DENVER, CO, 80238-2701",M-IMX-12,VACANT LAND /GENERAL COMMON ELEMENTS,12412,0.2849,0,100,,0,,432,0,174,175,No exact match in local active-listing exports; public-record/off-market best effort,121400139000,39.77381661469239,-104.8849416337076,priority_vacant_lot; owner_available; llc_owner; off_market_best_effort; 7000_plus_sqft; sale_year_unknown_needs_enrichment
priority_vacant_lot,11139,Central Park,"4084 N WILLOW ST APPRX, DENVER, CO ",,FC STAPLETON II LLC,LLC,"7351 E 29TH AVE # 301, DENVER, CO, 80238-2701",M-IMX-12,VACANT LAND /GENERAL COMMON ELEMENTS,11288,0.2591,0,100,,0,,432,0,174,175,No exact match in local active-listing exports; public-record/off-market best effort,121400132000,39.77535660642266,-104.88774117876622,priority_vacant_lot; owner_available; llc_owner; off_market_best_effort; 7000_plus_sqft; sale_year_unknown_needs_enrichment
priority_vacant_lot,11138,Central Park,"4015 N XENIA ST APPRX, DENVER, CO ",,FC STAPLETON II LLC,LLC,"7351 E 29TH AVE # 301, DENVER, CO, 80238-2701",M-IMX-12,VACANT LAND /GENERAL COMMON ELEMENTS,10852,0.2491,0,100,,0,,432,0,174,175,No exact match in local active-listing exports; public-record/off-market best effort,121400134000,39.77479399544518,-104.88770037260316,priority_vacant_lot; owner_available; llc_owner; off_market_best_effort; 7000_plus_sqft; sale_year_unknown_needs_enrichment
priority_vacant_lot,11136,Central Park,"4006 N XENIA ST, DENVER, CO ",,FC STAPLETON II LLC,LLC,"7351 E 29TH AVE # 301, DENVER, CO, 80238-2701",M-IMX-12,VACANT LAND,8993,0.2065,0,179900,,0,,432,0,174,175,No exact match in local active-listing exports; public-record/off-market best effort,121404002000,39.7745489661385,-104.8861828258715,priority_vacant_lot; owner_available; llc_owner; off_market_best_effort; 7000_plus_sqft; sale_year_unknown_needs_enrichment
priority_vacant_lot,11078,Washington Park,"50 S COLORADO BLVD, DENVER, CO 80246",80246,30-50 COLORADO BLVD DEVELOPMENT LLC,LLC,"5970 DUDLEY CT, ARVADA, CO, 80004-5466",PUD-G,VACANT LAND,33400,0.7668,0,2505000,2021,0,5,780,19,65,284,No exact match in local active-listing exports; public-record/off-market best effort,607309017000,39.71505027584605,-104.94020501534332,priority_vacant_lot; owner_available; llc_owner; off_market_best_effort; 7000_plus_sqft; owned_5_plus_years
priority_vacant_lot,10983,Central Park,"2700 N QUEBEC ST, DENVER, CO ",,FC STAPLETON II LLC,LLC,"7351 E 29TH AVE, DENVER, CO, 80238-2701",R-MU-20,VACANT LAND /GENERAL COMMON ELEMENTS,17227,0.3955,0,100,,0,,414,0,138,173,No exact match in local active-listing exports; public-record/off-market best effort,128318003000,39.7557195529303,-104.90242780355838,priority_vacant_lot; owner_available; llc_owner; off_market_best_effort; 7000_plus_sqft; sale_year_unknown_needs_enrichment
priority_vacant_lot,10974,Washington Park,"185 S BIRCH ST, DENVER, CO 80246",80246,185 S BIRCH STREET REVOCABLE TRUST,Allowed owner,"28 LIBERTY ST STE 2850, NEW YORK, NY, 10005-1519",E-SU-G,VACANT LAND,15091,0.3464,0,1681200,2020,1555000,6,729,14,56,268,No exact match in local active-listing exports; public-record/off-market best effort,607300069000,39.713427829614396,-104.9365208845318,priority_vacant_lot; owner_available; owner_allowed; off_market_best_effort; 7000_plus_sqft; owned_5_plus_years
priority_vacant_lot,10963,Washington Park,"130 S BIRCH ST, DENVER, CO ",,"SCHAUER,DOUGLAS GST TAX EXEMPT CHILD'S TRUST",Allowed owner,"131 S CLERMONT ST, DENVER, CO, 80246-1036",E-SU-G,VACANT LAND,9940,0.2282,0,1194500,2014,790000,12,722,15,55,265,No exact match in local active-listing exports; public-record/off-market best effort,607320004000,39.713732406670225,-104.93594225300208,priority_vacant_lot; owner_available; owner_allowed; off_market_best_effort; 7000_plus_sqft; owned_5_plus_years
priority_vacant_lot,10961,West Colfax,"823 N JULIAN ST, DENVER, CO 80204",80204,"THOMAS,SUZANNE P",Allowed owner,"3206 W 8TH AVE, DENVER, CO, 80204-3201",E-SU-D1,VACANT LAND,12500,0.287,0,218600,2020,162000,6,523,14,105,231,No exact match in local active-listing exports; public-record/off-market best effort,505327035000,39.729763404188745,-105.0313219834715,priority_vacant_lot; owner_available; owner_allowed; off_market_best_effort; 7000_plus_sqft; owned_5_plus_years
priority_vacant_lot,10872,Highland,"1540 LITTLE RAVEN ST #TR-A, DENVER, CO ",,SHI DENVER LLC,LLC,"1331 HECLA DR, LOUISVILLE, CO, 80027-2343",PUD,VACANT LAND /GENERAL COMMON ELEMENTS,23919,0.5491,0,100,2012,9400000,14,595,6,60,289,No exact match in local active-listing exports; public-record/off-market best effort,233213089000,39.75424311586747,-105.00545398663503,priority_vacant_lot; owner_available; llc_owner; off_market_best_effort; 7000_plus_sqft; owned_5_plus_years
priority_vacant_lot,10864,Highland,"1540 LITTLE RAVEN ST #TR-A, DENVER, CO ",,SHI DENVER LLC,LLC,"1331 HECLA DR, LOUISVILLE, CO, 80027-2343",PUD,VACANT LAND /GENERAL COMMON ELEMENTS,16719,0.3838,0,100,2013,0,13,595,6,60,289,No exact match in local active-listing exports; public-record/off-market best effort,233213090000,39.75424311586747,-105.00545398663503,priority_vacant_lot; owner_available; llc_owner; off_market_best_effort; 7000_plus_sqft; owned_5_plus_years
priority_vacant_lot,10851,Highland,"1540 LITTLE RAVEN ST #TR-A, DENVER, CO ",,,Unknown / needs enrichment,,PUD,VACANT LAND /GENERAL COMMON ELEMENTS,16719,0.3838,0,0,,0,,595,6,60,289,No exact match in local active-listing exports; public-record/off-market best effort,233213089998,39.75424311586747,-105.00545398663503,priority_vacant_lot; owner_missing_needs_enrichment; owner_allowed; off_market_best_effort; 7000_plus_sqft; sale_year_unknown_needs_enrichment
priority_vacant_lot,10820,West Colfax,"651 N LOWELL BLVD, DENVER, CO 80204",80204,"THOMAS,SUZANNE P",Allowed owner,"3206 W 8TH AVE, DENVER, CO, 80204-3201",E-SU-D1X,VACANT LAND,9400,0.2158,0,296500,2020,235000,6,481,10,81,224,No exact match in local active-listing exports; public-record/off-market best effort,506520048000,39.72762993918,-105.03541454181023,priority_vacant_lot; owner_available; owner_allowed; off_market_best_effort; 7000_plus_sqft; owned_5_plus_years
priority_vacant_lot,10794,Highland,"1901 CHESTNUT PL, DENVER, CO ",,BLOCK 11 REMAINDER LLC,LLC,"3000 LAWRENCE ST, DENVER, CO, 80205-3422",PUD,VACANT LAND,31280,0.7181,0,7820000,2019,10,7,516,1,60,250,No exact match in local active-listing exports; public-record/off-market best effort,227800242000,39.75727063913145,-105.00000226954734,priority_vacant_lot; owner_available; llc_owner; off_market_best_effort; 7000_plus_sqft; owned_5_plus_years
priority_vacant_lot,10729,West Colfax,"501 N JULIAN ST, DENVER, CO ",,CITYZEN DEVELOPMENT LLC,LLC,"188 FEDERAL BLVD, DENVER, CO, 80219-1541",PUD,VACANT LAND,8625,0.198,0,178400,2016,500000,10,447,5,66,219,No exact match in local active-listing exports; public-record/off-market best effort,508306025000,39.72510338934819,-105.03151073092161,priority_vacant_lot; owner_available; llc_owner; off_market_best_effort; 7000_plus_sqft; owned_5_plus_years
priority_vacant_lot,10724,West Colfax,"501 N JULIAN ST, DENVER, CO ",,CITYZEN DEVELOPMENT LLC,LLC,"188 FEDERAL BLVD, DENVER, CO, 80219-1541",PUD,VACANT LAND,8625,0.198,0,188300,2016,500000,10,446,5,65,219,No exact match in local active-listing exports; public-record/off-market best effort,508306024000,39.7249658891978,-105.0315103332734,priority_vacant_lot; owner_available; llc_owner; off_market_best_effort; 7000_plus_sqft; owned_5_plus_years
priority_vacant_lot,10705,University Hills,"5100 E VASSAR AVE, DENVER, CO ",,5100 E VASSAR LLC,LLC,"1685 S COLORADO BLVD # S147, DENVER, CO, 80222-4000",S-SU-F,VACANT LAND,10600,0.2433,0,419000,2021,275000,5,402,7,72,148,No exact match in local active-listing exports; public-record/off-market best effort,630401044000,39.66913765411533,-104.92819574936999,priority_vacant_lot; owner_available; llc_owner; off_market_best_effort; 7000_plus_sqft; owned_5_plus_years
priority_vacant_lot,10704,West Colfax,"500 N JULIAN ST, DENVER, CO ",,CITYZEN DEVELOPMENT LLC,LLC,"188 FEDERAL BLVD, DENVER, CO, 80219-1541",PUD,VACANT LAND,8630,0.1981,0,178400,2016,500000,10,446,10,60,219,No exact match in local active-listing exports; public-record/off-market best effort,508305013000,39.724911353241005,-105.03096420735554,priority_vacant_lot; owner_available; llc_owner; off_market_best_effort; 7000_plus_sqft; owned_5_plus_years
priority_vacant_lot,10698,West Colfax,"601 N WOLFF ST, DENVER, CO 80204",80204,AVALON APT OWNER LLC,LLC,"23421 S POINTE DR STE 270, LAGUNA HILLS, CA, 92653-1556",R-2,VACANT LAND,117887,2.7063,0,1392800,2021,36895500,5,415,18,57,198,No exact match in local active-listing exports; public-record/off-market best effort,506600266000,39.72663926722646,-105.04956740589692,priority_vacant_lot; owner_available; llc_owner; off_market_best_effort; 7000_plus_sqft; owned_5_plus_years
priority_vacant_lot,10685,City Park West,"1555 N YORK ST, DENVER, CO ",,CITC NEHEMIAH LLC,LLC,"2280 E 16TH AVE, DENVER, CO, 80206-1202",G-RO-3,VACANT LAND,12500,0.287,0,1250000,2008,1500000,18,447,9,52,192,No exact match in local active-listing exports; public-record/off-market best effort,235530032000,39.74108218612591,-104.96009532279093,priority_vacant_lot; owner_available; llc_owner; off_market_best_effort; 7000_plus_sqft; owned_5_plus_years
priority_vacant_lot,10685,Highland,"1903 WAZEE ST APPRX, DENVER, CO ",,DENVER METROPOLITAN MAJOR LEAGUE BASEBALL STADIUM DIST,Allowed owner,"2195 BLAKE ST, DENVER, CO, 80205-2010",PUD-G,VACANT LAND,129952,2.9833,0,25990400,,0,,495,0,35,252,No exact match in local active-listing exports; public-record/off-market best effort,227916051000,39.75468094390573,-104.99630450246015,priority_vacant_lot; owner_available; owner_allowed; off_market_best_effort; 7000_plus_sqft; sale_year_unknown_needs_enrichment
priority_vacant_lot,10658,Gateway - Green Valley Ranch,"4699 N ARGONNE ST MISC, DENVER, CO ",,NALS REDSTONE-93 LP,Allowed owner,"920 GARDEN ST STE A, SANTA BARBARA, CA, 93101-7465",R-2-A,VACANT LAND /GENERAL COMMON ELEMENTS,12741,0.2925,0,100,2014,49700000,12,302,0,83,146,No exact match in local active-listing exports; public-record/off-market best effort,22200065000,39.78005799360228,-104.76801617492089,priority_vacant_lot; owner_available; owner_allowed; off_market_best_effort; 7000_plus_sqft; owned_5_plus_years
priority_vacant_lot,10657,Washington Park,"71 W BAYAUD AVE, DENVER, CO ",,PROVIDENT INVESTMENT CO,Allowed owner,"600 JOSEPHINE ST, DENVER, CO, 80206-3723",U-RH-2.5,VACANT LAND,7810,0.1793,0,533500,,0,,494,24,39,187,No exact match in local active-listing exports; public-record/off-market best effort,510320045000,39.71508905902182,-104.98960166569363,priority_vacant_lot; owner_available; owner_allowed; off_market_best_effort; 7000_plus_sqft; sale_year_unknown_needs_enrichment
priority_vacant_lot,10656,City Park West,"2001 N HIGH ST, DENVER, CO 80205",80205,COLUMBIA-HEALTHONE LLC,LLC,"PO BOX 80610, INDIANAPOLIS, IN, 46280-0610",H-1-A,VACANT LAND,70530,1.6191,0,3526500,1995,192165000,31,367,42,52,143,No exact match in local active-listing exports; public-record/off-market best effort,235500018000,39.746702792147666,-104.96546495824845,priority_vacant_lot; owner_available; llc_owner; off_market_best_effort; 7000_plus_sqft; owned_5_plus_years
priority_vacant_lot,10639,City Park West,"1801 N HIGH ST, DENVER, CO 80218",80218,COLUMBIA-HEALTHONE LLC,LLC,"PO BOX 80610, INDIANAPOLIS, IN, 46280-0610",R-4,VACANT LAND,19950,0.458,0,1364900,1995,192165000,31,381,42,52,152,No exact match in local active-listing exports; public-record/off-market best effort,235509021000,39.74512828132292,-104.96505165559451,priority_vacant_lot; owner_available; llc_owner; off_market_best_effort; 7000_plus_sqft; owned_5_plus_years
priority_vacant_lot,10611,Central Park,"8928 E 46TH AVE APPRX, DENVER, CO ",,RUNWAY 35 NORTH LLC,LLC,"3501 SW FAIRLAWN RD STE 200, TOPEKA, KS, 66614-3975",M-IMX-12,VACANT LAND,23500,0.5395,0,470000,,0,,352,37,59,174,No exact match in local active-listing exports; public-record/off-market best effort,121100146000,39.77933087272914,-104.88373869225128,priority_vacant_lot; owner_available; llc_owner; off_market_best_effort; 7000_plus_sqft; sale_year_unknown_needs_enrichment
priority_vacant_lot,10597,City Park West,"1800 N GILPIN ST, DENVER, CO ",,COLUMBIA-HEALTHONE INC,Allowed owner,"PO BOX 80610, INDIANAPOLIS, IN, 46280-0610",R-4,VACANT LAND,12500,0.287,0,895500,1995,2295000,31,350,42,51,136,No exact match in local active-listing exports; public-record/off-market best effort,235508004000,39.745054516026535,-104.96683065034462,priority_vacant_lot; owner_available; owner_allowed; off_market_best_effort; 7000_plus_sqft; owned_5_plus_years
priority_vacant_lot,10594,City Park West,"2400 N EMERSON ST, DENVER, CO ",,HARRIS TRUST,Allowed owner,"2350 S HOLLY PL, DENVER, CO, 80222-6243",U-RH-2.5,VACANT LAND,9380,0.2153,0,621300,2012,0,14,323,5,62,142,No exact match in local active-listing exports; public-record/off-market best effort,235211001000,39.75301475533112,-104.9753876584142,priority_vacant_lot; owner_available; owner_allowed; off_market_best_effort; 7000_plus_sqft; owned_5_plus_years
priority_vacant_lot,10588,City Park West,"1820 N GILPIN ST, DENVER, CO 80218",80218,HCA-HEALTHONE LLC,LLC,"PO BOX 80610, INDIANAPOLIS, IN, 46280-0610",R-4,VACANT LAND,9375,0.2152,0,698600,2001,564000,25,350,42,51,136,No exact match in local active-listing exports; public-record/off-market best effort,235508003000,39.74530358708955,-104.96687684893955,priority_vacant_lot; owner_available; llc_owner; off_market_best_effort; 7000_plus_sqft; owned_5_plus_years
priority_vacant_lot,10575,Highland,"255 22ND ST, DENVER, CO ",,NAVA UPTOWN LLC,LLC,"1601 WEWATTA ST STE 828, DENVER, CO, 80202-6313",R-MU-30,VACANT LAND,46309,1.0631,0,4167800,2018,7100000,8,333,0,47,155,No exact match in local active-listing exports; public-record/off-market best effort,234133002000,39.74791360387609,-104.98088459757136,priority_vacant_lot; owner_available; llc_owner; off_market_best_effort; 7000_plus_sqft; owned_5_plus_years
priority_vacant_lot,10561,Belcaro,"460 S HOLLY ST, DENVER, CO ",,"BOREN,JOHN C",Allowed owner,"6435 E 53RD WAY, COMMERCE CITY, CO, 80022-4301",E-SU-DX,VACANT LAND,12500,0.287,0,191500,1998,95000,28,433,6,22,163,No exact match in local active-listing exports; public-record/off-market best effort,617209027000,39.70813407098945,-104.92193248839247,priority_vacant_lot; owner_available; owner_allowed; off_market_best_effort; 7000_plus_sqft; owned_5_plus_years
priority_vacant_lot,10556,Highland,"2205 N WASHINGTON ST, DENVER, CO ",,2205 WASHINGTON LLC,LLC,"1576 N SHERMAN ST STE 320, DENVER, CO, 80203-1713",R-MU-30,VACANT LAND,31939,0.7332,0,2587100,2018,2235750,8,317,0,50,146,No exact match in local active-listing exports; public-record/off-market best effort,234129001000,39.749853019239616,-104.97858984002676,priority_vacant_lot; owner_available; llc_owner; off_market_best_effort; 7000_plus_sqft; owned_5_plus_years
priority_vacant_lot,10540,Highland,"2233 GLENARM PL VCNT, DENVER, CO ",,"IWAKIRI,NED H",Allowed owner,"2330 S KEARNEY ST APT 319, DENVER, CO, 80222-6462",G-RX-5,VACANT LAND,9381,0.2154,0,797400,2016,10,10,337,0,46,160,No exact match in local active-listing exports; public-record/off-market best effort,234115012000,39.750170895765,-104.98273039353072,priority_vacant_lot; owner_available; owner_allowed; off_market_best_effort; 7000_plus_sqft; owned_5_plus_years
priority_vacant_lot,10536,Central Park,"9226 E NORTHFIELD BLVD, DENVER, CO ",,MID-AMERICA APARTMENTS LP,Allowed owner,"6815 POPLAR AVE STE 500, MEMPHIS, TN, 38138-0612",M-IMX-5,VACANT LAND,377503,8.6663,0,5662500,2020,10,6,332,37,37,175,No exact match in local active-listing exports; public-record/off-market best effort,115306001000,39.78434101759471,-104.88124464996045,priority_vacant_lot; owner_available; owner_allowed; off_market_best_effort; 7000_plus_sqft; owned_5_plus_years
priority_vacant_lot,10535,Central Park,"8809 E 46TH PL, DENVER, CO ",,FFP STAPLETON LAND LLC,LLC,"7400 E CRESTLINE CIR STE 250, GREENWOOD VILLAGE, CO, 80111-3655",M-IMX-8,VACANT LAND,70697,1.623,0,1413900,2019,0,7,330,37,37,174,No exact match in local active-listing exports; public-record/off-market best effort,121100134000,39.781376901512076,-104.88571061825785,priority_vacant_lot; owner_available; llc_owner; off_market_best_effort; 7000_plus_sqft; owned_5_plus_years
priority_vacant_lot,10522,City Park West,"2202 N OGDEN ST, DENVER, CO ",,OGDEN & 22ND LLC,LLC,"2220 N DOWNING ST, DENVER, CO, 80205-5235",U-RH-2.5,VACANT LAND,9560,0.2195,0,631400,2002,0,24,273,3,54,121,No exact match in local active-listing exports; public-record/off-market best effort,235228020000,39.74968179836956,-104.97419826231622,priority_vacant_lot; owner_available; llc_owner; off_market_best_effort; 7000_plus_sqft; owned_5_plus_years
priority_vacant_lot,10509,Central Park,"10105 E 40TH AVE, DENVER, CO ",,BEDROSIAN STAPLETON LLC,LLC,"4285 N GOLDEN STATE BLVD, FRESNO, CA, 93722-6316",M-IMX-5,VACANT LAND,351371,8.0664,0,5621900,2008,2178500,18,293,0,37,174,No exact match in local active-listing exports; public-record/off-market best effort,122401005000,39.77444632065651,-104.87088744904091,priority_vacant_lot; owner_available; llc_owner; off_market_best_effort; 7000_plus_sqft; owned_5_plus_years
priority_vacant_lot,10487,Highland,"2070 BLAKE ST, DENVER, CO ",,DENVER METROPOLITAN MAJOR LEAGUE BASEBALL STADIUM DISTRI,Allowed owner,"2195 BLAKE ST DEPT 300, DENVER, CO, 80205-2010",PUD-G,VACANT LAND,20469,0.4699,0,4093800,2016,2835000,10,401,0,14,210,No exact match in local active-listing exports; public-record/off-market best effort,227909045000,39.754760405265884,-104.99326201906646,priority_vacant_lot; owner_available; owner_allowed; off_market_best_effort; 7000_plus_sqft; owned_5_plus_years
priority_vacant_lot,10469,City Park West,"3227 N VINE ST, DENVER, CO 80205",80205,"KORNBLUM,JESSE",Allowed owner,"3410 N FILLMORE ST, DENVER, CO, 80205-4258",U-SU-A1,VACANT LAND,9420,0.2163,0,584600,2021,820000,5,259,15,49,108,No exact match in local active-listing exports; public-record/off-market best effort,226122018000,39.76251560790155,-104.96258101722209,priority_vacant_lot; owner_available; owner_allowed; off_market_best_effort; 7000_plus_sqft; owned_5_plus_years
priority_vacant_lot,10464,Highland,"3232 LARIMER ST, DENVER, CO ",,SON POWER LLC,LLC,"400 LEYDEN ST, DENVER, CO, 80220-5954",R-MU-30,VACANT LAND,9363,0.2149,0,1170400,2010,405000,16,331,14,27,161,No exact match in local active-listing exports; public-record/off-market best effort,226313025000,39.76438627764822,-104.97726240607332,priority_vacant_lot; owner_available; llc_owner; off_market_best_effort; 7000_plus_sqft; owned_5_plus_years
priority_vacant_lot,10462,Central Park,"5048 N AKRON ST, DENVER, CO ",,EXPRESSIONS AT STAPLETON LLC,LLC,"8246 E NORTHFIELD BLVD UNIT 2600, DENVER, CO, 80238-4274",M-RX-5,VACANT LAND /GENERAL COMMON ELEMENTS,7120,0.1635,0,100,2014,600000,12,295,0,37,175,No exact match in local active-listing exports; public-record/off-market best effort,116400077000,39.7893687957142,-104.88343216516267,priority_vacant_lot; owner_available; llc_owner; off_market_best_effort; 7000_plus_sqft; owned_5_plus_years
priority_vacant_lot,10454,City Park West,"3600 N JOSEPHINE ST, DENVER, CO ",,CENTRAL STATES CONFERENCE CORP OF SEVENTH DAY ADVENTISTS,Allowed owner,"3301 PARALLEL PKWY, KANSAS CITY, KS, 66104-4354",U-SU-B1,VACANT LAND,15600,0.3581,0,787800,,0,,263,18,44,112,No exact match in local active-listing exports; public-record/off-market best effort,225212001000,39.767911665083005,-104.95815526539279,priority_vacant_lot; owner_available; owner_allowed; off_market_best_effort; 7000_plus_sqft; sale_year_unknown_needs_enrichment
priority_vacant_lot,10435,City Park West,"2882 N MONROE ST, DENVER, CO 80205",80205,"PAGANO,DAVID",Allowed owner,"PO BOX 12025, DENVER, CO, 80212-0025",E-TU-C,VACANT LAND,9880,0.2268,0,528400,2021,550000,5,289,4,33,137,No exact match in local active-listing exports; public-record/off-market best effort,225424012000,39.757993094167546,-104.944923537336,priority_vacant_lot; owner_available; owner_allowed; off_market_best_effort; 7000_plus_sqft; owned_5_plus_years
priority_vacant_lot,10418,Highland,"1201 26TH ST, DENVER, CO ",,2620 FIVE POINTS RINO LLC,LLC,"11000 RICHMOND AVE STE 350, HOUSTON, TX, 77042-6702",PUD-G,VACANT LAND,17469,0.401,0,3211000,,0,,341,4,15,178,No exact match in local active-listing exports; public-record/off-market best effort,227635032000,39.75826692179193,-104.98443153250402,priority_vacant_lot; owner_available; llc_owner; off_market_best_effort; 7000_plus_sqft; sale_year_unknown_needs_enrichment
priority_vacant_lot,10418,Highland,"2110 LARIMER ST, DENVER, CO ",,"LESSER,FLORENCE S LIVING TRUST",Allowed owner,"13718 N TRAVOIS TRL, PARKER, CO, 80138-8618",PUD,VACANT LAND,12557,0.2883,0,2197500,2011,0,15,363,0,7,195,No exact match in local active-listing exports; public-record/off-market best effort,234235004000,39.753961347945456,-104.99079359085863,priority_vacant_lot; owner_available; owner_allowed; off_market_best_effort; 7000_plus_sqft; owned_5_plus_years
priority_vacant_lot,10417,West Colfax,"1258 N KALAMATH ST VCNT, DENVER, CO ",,"RODGERS,ELIZABETH A REV TR",Allowed owner,"588 W OAKWOOD LN, CASTLE ROCK, CO, 80108-9267",U-RH-2.5,VACANT LAND,7500,0.1722,0,548300,2017,10,9,381,5,5,215,No exact match in local active-listing exports; public-record/off-market best effort,504113048000,39.73640953686028,-104.99968333518427,priority_vacant_lot; owner_available; owner_allowed; off_market_best_effort; 7000_plus_sqft; owned_5_plus_years
priority_vacant_lot,10406,Central Park,"2125 N PONTIAC ST, DENVER, CO ",,"MARSHALL,LADEAN",Allowed owner,"9244 E 52ND DR, DENVER, CO, 80238-3795",E-SU-DX,VACANT LAND,8109,0.1862,0,227000,2018,10,8,366,0,6,213,No exact match in local active-listing exports; public-record/off-market best effort,132135019000,39.74916547842775,-104.90617012309927,priority_vacant_lot; owner_available; owner_allowed; off_market_best_effort; 7000_plus_sqft; owned_5_plus_years
priority_vacant_lot,10400,Highland,"823 26TH ST, DENVER, CO ",,CURTIS PARK ROWHOMES LLC,LLC,"8656 PRESERVATION TRL, PARKER, CO, 80134-3232",U-RH-2.5,VACANT LAND,7706,0.1769,0,593500,,0,,325,5,17,166,No exact match in local active-listing exports; public-record/off-market best effort,227631029000,39.7557736541098,-104.9814007178364,priority_vacant_lot; owner_available; llc_owner; off_market_best_effort; 7000_plus_sqft; sale_year_unknown_needs_enrichment
priority_vacant_lot,10394,Berkeley,"5270 N FEDERAL BLVD, DENVER, CO 80221",80221,ARIA MASTER ASSCOCIATION LLC,LLC,"23 INVERNESS WAY STE 200, ENGLEWOOD, CO, 80112-5758",R-MU-30,VACANT LAND /GENERAL COMMON ELEMENTS,65560,1.5051,0,100,2019,10,7,309,1,7,160,No exact match in local active-listing exports; public-record/off-market best effort,217100150000,39.792505974252805,-105.02356352862097,priority_vacant_lot; owner_available; llc_owner; off_market_best_effort; 7000_plus_sqft; owned_5_plus_years
priority_vacant_lot,10391,Hilltop,"295 S MONACO STREET PKWY, DENVER, CO ",,"KOTA,SANDEEP",Allowed owner,"825 PRAIRIE VIEW CT, ARGYLE, TX, 76226-1735",E-SU-DX,VACANT LAND,7652,0.1757,0,173900,2021,174000,5,283,1,24,113,No exact match in local active-listing exports; public-record/off-market best effort,608326040000,39.71161834327939,-104.91340041771579,priority_vacant_lot; owner_available; owner_allowed; off_market_best_effort; 7000_plus_sqft; owned_5_plus_years
priority_vacant_lot,10388,University Hills,"2900 S HOLLY ST, DENVER, CO ",,"GAISER,ROBERT F & ROBERT H",Allowed owner,"2900 S HOLLY PL, DENVER, CO, 80222-7009",S-SU-D,VACANT LAND /GENERAL COMMON ELEMENTS,9600,0.2204,0,100,,0,,275,1,26,113,No exact match in local active-listing exports; public-record/off-market best effort,632200002000,39.66274241942577,-104.92198084252401,priority_vacant_lot; owner_available; owner_allowed; off_market_best_effort; 7000_plus_sqft; sale_year_unknown_needs_enrichment
priority_vacant_lot,10387,Overland,"1190 S MARIPOSA ST, DENVER, CO 80223",80223,HABITAT FOR HUMANITY OF METRO DENVER INC,Allowed owner,"430 S NAVAJO ST, DENVER, CO, 80223-2015",E-RH-2.5,VACANT LAND,8757,0.201,0,176400,2015,110000,11,368,0,0,186,No exact match in local active-listing exports; public-record/off-market best effort,521105039000,39.69508355540265,-105.00237384981719,priority_vacant_lot; owner_available; owner_allowed; off_market_best_effort; 7000_plus_sqft; owned_5_plus_years
priority_vacant_lot,10384,Overland,"1100 S OSAGE ST, DENVER, CO ",,BRMC LLC,LLC,"6301 W 44TH AVE UNIT B, WHEAT RIDGE, CO, 80033-4739",E-RH-2.5,VACANT LAND,23800,0.5464,0,218400,,0,,345,0,4,175,No exact match in local active-listing exports; public-record/off-market best effort,521107043000,39.69558030333912,-105.00479330737753,priority_vacant_lot; owner_available; llc_owner; off_market_best_effort; 7000_plus_sqft; sale_year_unknown_needs_enrichment
priority_vacant_lot,10375,West Colfax,"1010 N KALAMATH ST VCNT, DENVER, CO ",,"MCCANN,JEFFREY R 2011 TRUST",Allowed owner,"248 BEACH PARK BLVD, FOSTER CITY, CA, 94404-2710",PUD,VACANT LAND,15000,0.3444,0,760500,2020,10,6,326,5,7,181,No exact match in local active-listing exports; public-record/off-market best effort,504401025000,39.73233158588027,-104.99970996884828,priority_vacant_lot; owner_available; owner_allowed; off_market_best_effort; 7000_plus_sqft; owned_5_plus_years
priority_vacant_lot,10366,Cole,"3737 N FILLMORE ST, DENVER, CO 80205",80205,"FLECK,ROSS",Allowed owner,"226 11TH ST, BROOKLYN, NY, 11215-3916",U-SU-B1,VACANT LAND,7930,0.182,0,438800,2021,399900,5,210,16,36,82,No exact match in local active-listing exports; public-record/off-market best effort,225204006000,39.7687499904275,-104.95400416087334,priority_vacant_lot; owner_available; owner_allowed; off_market_best_effort; 7000_plus_sqft; owned_5_plus_years
priority_vacant_lot,10366,Cole,"3550 N STEELE ST, DENVER, CO 80205",80205,"SIMMONS,SHAWN",Allowed owner,"5519 BAHAMA ST, DENVER, CO, 80249-8762",U-SU-B1,VACANT LAND,7720,0.1772,0,364700,2018,10,8,227,16,31,92,No exact match in local active-listing exports; public-record/off-market best effort,225126018000,39.766655644872614,-104.9495152242047,priority_vacant_lot; owner_available; owner_allowed; off_market_best_effort; 7000_plus_sqft; owned_5_plus_years
priority_vacant_lot,10360,Overland,"2455 S CLAY ST, DENVER, CO ",,"CANUTO,LUIS ALBERTO MONTIEL",Allowed owner,"3447 W GILL PL, DENVER, CO, 80219-2783",S-SU-F1,VACANT LAND,9147,0.21,0,90900,2015,73750,11,208,1,33,102,No exact match in local active-listing exports; public-record/off-market best effort,529404040000,39.6724464992924,-105.01958784279479,priority_vacant_lot; owner_available; owner_allowed; off_market_best_effort; 7000_plus_sqft; owned_5_plus_years
priority_vacant_lot,10359,Overland,"2730 W CORNELL AVE APPRX, DENVER, CO 80236",80236,"ELSNER,CLAUDIA",Allowed owner,"3090 S DECATUR ST, DENVER, CO, 80236-2750",S-SU-F1,VACANT LAND,7340,0.1685,0,7200,2002,4000,24,200,32,32,81,No exact match in local active-listing exports; public-record/off-market best effort,532113071000,39.661593278459996,-105.02147883033301,priority_vacant_lot; owner_available; owner_allowed; off_market_best_effort; 7000_plus_sqft; owned_5_plus_years
priority_vacant_lot,10355,Overland,"2985 S ZUNI ST, DENVER, CO 80236",80236,"RANGEL,CHRISTINA A",Allowed owner,"4636 W COSTILLA PL, LITTLETON, CO, 80128-6427",S-SU-F1,VACANT LAND,21000,0.4821,0,177000,2018,10,8,198,1,32,97,No exact match in local active-listing exports; public-record/off-market best effort,532111028000,39.662634230215,-105.01609010766349,priority_vacant_lot; owner_available; owner_allowed; off_market_best_effort; 7000_plus_sqft; owned_5_plus_years
priority_vacant_lot,10352,Berkeley,"5302 COLUMBINE RD, DENVER, CO ",,SISTERS OF ST FRANCIS,Allowed owner,"5314 COLUMBINE RD, DENVER, CO, 80221-1277",R-MU-30,VACANT LAND,31654,0.7267,0,1266200,,0,,297,1,6,156,No exact match in local active-listing exports; public-record/off-market best effort,217100025000,39.79347163987528,-105.02217565004517,priority_vacant_lot; owner_available; owner_allowed; off_market_best_effort; 7000_plus_sqft; sale_year_unknown_needs_enrichment
priority_vacant_lot,10343,Overland,"2710 W BATES AVE, DENVER, CO 80236",80236,"VARGAS,DANIEL",Allowed owner,"2804 S DECATUR ST, DENVER, CO, 80236-2611",S-SU-F1,VACANT LAND,8330,0.1912,0,82100,2019,15000,7,200,32,32,81,No exact match in local active-listing exports; public-record/off-market best effort,532110033000,39.663129891676,-105.02132248498,priority_vacant_lot; owner_available; owner_allowed; off_market_best_effort; 7000_plus_sqft; owned_5_plus_years
priority_vacant_lot,10340,Overland,"2340 S DECATUR ST, DENVER, CO ",,"TALAMANTES,BERNABE BUSTILLOS",Allowed owner,"2420 W ILIFF AVE, DENVER, CO, 80219-5922",S-SU-F1,VACANT LAND,17100,0.3926,0,149700,2020,150000,6,185,0,33,90,No exact match in local active-listing exports; public-record/off-market best effort,529419037000,39.67436251186062,-105.02243299146387,priority_vacant_lot; owner_available; owner_allowed; off_market_best_effort; 7000_plus_sqft; owned_5_plus_years
priority_vacant_lot,10335,Hilltop,"6530 E DAKOTA AVE, DENVER, CO ",,KBY BUILDING LLC,LLC,"7329 E BYERS AVE, DENVER, CO, 80230-6751",S-SU-F,VACANT LAND,8501,0.1952,0,461800,2020,1060000,6,249,0,18,100,No exact match in local active-listing exports; public-record/off-market best effort,617115010000,39.7086923270955,-104.91215283539434,priority_vacant_lot; owner_available; llc_owner; off_market_best_effort; 7000_plus_sqft; owned_5_plus_years
priority_vacant_lot,10328,Hilltop,"6535 E ALASKA DR, DENVER, CO ",,KBY BUILDING LLC,LLC,"7329 E BYERS AVE, DENVER, CO, 80230-6751",S-SU-F,VACANT LAND,8561,0.1965,0,465300,2020,1060000,6,246,0,17,99,No exact match in local active-listing exports; public-record/off-market best effort,617115011000,39.70844115969939,-104.91210252759053,priority_vacant_lot; owner_available; llc_owner; off_market_best_effort; 7000_plus_sqft; owned_5_plus_years
priority_vacant_lot,10326,Hilltop,"6550 E DAKOTA AVE, DENVER, CO ",,KBY BUILDING LLC,LLC,"7329 E BYERS AVE, DENVER, CO, 80230-6751",S-SU-F,VACANT LAND,9220,0.2117,0,504100,2020,1060000,6,243,0,17,97,No exact match in local active-listing exports; public-record/off-market best effort,617115012000,39.708541362139535,-104.9117928754714,priority_vacant_lot; owner_available; llc_owner; off_market_best_effort; 7000_plus_sqft; owned_5_plus_years
priority_vacant_lot,10317,Cole,"4305 E BRUCE RANDOLPH AVE, DENVER, CO 80207",80207,FREEWAY REAL ESTATE LLC,LLC,"4301 JASON ST, DENVER, CO, 80211-2410",E-SU-DX,VACANT LAND,9375,0.2152,0,295800,2021,605000,5,187,2,29,78,No exact match in local active-listing exports; public-record/off-market best effort,130204018000,39.764669316684405,-104.93653767242499,priority_vacant_lot; owner_available; llc_owner; off_market_best_effort; 7000_plus_sqft; owned_5_plus_years
priority_vacant_lot,10317,Central Park,"2236 N SPRUCE ST, DENVER, CO ",,INNOVATIONS AND COURTYARD TRADITIONS AT STAPLETON HOMEO,Allowed owner,"PO BOX 17343, DENVER, CO, 80217-0343",R-MU-20,VACANT LAND /GENERAL COMMON ELEMENTS,7102,0.163,0,100,2016,10,10,292,0,2,179,No exact match in local active-listing exports; public-record/off-market best effort,133200027000,39.749753254709,-104.89680757963254,priority_vacant_lot; owner_available; owner_allowed; off_market_best_effort; 7000_plus_sqft; owned_5_plus_years
priority_vacant_lot,10315,Hilltop,"7393 E LOWRY BLVD, DENVER, CO ",,STANDARD PACIFIC OF COLORADO INC,Allowed owner,"9193 S JAMAICA ST, ENGLEWOOD, CO, 80112-5946",R-2-A,VACANT LAND /GENERAL COMMON ELEMENTS,11017,0.2529,0,100,2003,0,23,213,6,17,82,No exact match in local active-listing exports; public-record/off-market best effort,609301028000,39.71662086445572,-104.90281811356316,priority_vacant_lot; owner_available; owner_allowed; off_market_best_effort; 7000_plus_sqft; owned_5_plus_years
priority_vacant_lot,10303,Central Park,"2216 N ULSTER ST, DENVER, CO ",,STAPLETON NEIGHBORHOOD NO 7,Allowed owner,"390 INTERLOCKEN CRES STE 500, BROOMFIELD, CO, 80021-8041",R-MU-20,VACANT LAND /GENERAL COMMON ELEMENTS,15683,0.36,0,100,2010,0,16,268,1,1,167,No exact match in local active-listing exports; public-record/off-market best effort,133122033000,39.74957039317824,-104.89367504786715,priority_vacant_lot; owner_available; owner_allowed; off_market_best_effort; 7000_plus_sqft; owned_5_plus_years
priority_vacant_lot,10297,Harvey Park South,"3270 S JULIAN WAY, DENVER, CO 80236",80236,THB LORETTO LAND LLC,LLC,"1200 17th ST Ste 600, Denver, CO, 80202-5806",PUD-G 25,VACANT LAND,139400,3.2002,0,1533400,2021,14480000,5,114,31,32,33,No exact match in local active-listing exports; public-record/off-market best effort,532218008000,39.65942096559099,-105.03204058150811,priority_vacant_lot; owner_available; llc_owner; off_market_best_effort; 7000_plus_sqft; owned_5_plus_years
priority_vacant_lot,10297,Harvey Park South,"3059 S MAY STANTON WAY, DENVER, CO 80236",80236,THB LORETTO LAND LLC,LLC,"1200 17th ST Ste 600, Denver, CO, 80202-5806",PUD-G 25,VACANT LAND,126140,2.8958,0,1387500,2021,14480000,5,114,31,32,33,No exact match in local active-listing exports; public-record/off-market best effort,532223001000,39.6601324984661,-105.03179294028863,priority_vacant_lot; owner_available; llc_owner; off_market_best_effort; 7000_plus_sqft; owned_5_plus_years
priority_vacant_lot,10297,Harvey Park South,"2930 S IRVING ST, DENVER, CO 80236",80236,THB LORETTO LAND LLC,LLC,"1200 17th ST Ste 600, Denver, CO, 80202-5806",PUD-G 25,VACANT LAND,105385,2.4193,0,1159200,2021,14480000,5,114,31,32,33,No exact match in local active-listing exports; public-record/off-market best effort,532224001000,39.66295021155261,-105.03102381172073,priority_vacant_lot; owner_available; llc_owner; off_market_best_effort; 7000_plus_sqft; owned_5_plus_years
priority_vacant_lot,10297,Harvey Park South,"3040 S IRVING ST, DENVER, CO 80236",80236,THB LORETTO LAND LLC,LLC,"1200 17TH ST STE 600, DENVER, CO, 80202-5806",PUD-G 25,VACANT LAND /GENERAL COMMON ELEMENTS,50221,1.1529,0,100,2021,14480000,5,114,31,32,33,No exact match in local active-listing exports; public-record/off-market best effort,532200048000,39.66228352312518,-105.03041688277233,priority_vacant_lot; owner_available; llc_owner; off_market_best_effort; 7000_plus_sqft; owned_5_plus_years
priority_vacant_lot,10297,Central Park,"2957 N GENEVA CT -2998, DENVER, CO ",,DILLON COMPANIES INC,Allowed owner,"65 TEJON ST, DENVER, CO, 80223-1221",M-MX-5,VACANT LAND /GENERAL COMMON ELEMENTS,28160,0.6465,0,100,2015,1157639,11,258,0,0,175,No exact match in local active-listing exports; public-record/off-market best effort,127400071000,39.759618150815,-104.867673891183,priority_vacant_lot; owner_available; owner_allowed; off_market_best_effort; 7000_plus_sqft; owned_5_plus_years
priority_vacant_lot,10295,Central Park,"2250 N ULSTER ST, DENVER, CO ",,STAPLETON NEIGHBORHOOD NO 7,Allowed owner,"390 INTERLOCKEN CRES STE 500, BROOMFIELD, CO, 80021-8041",R-MU-20,VACANT LAND /GENERAL COMMON ELEMENTS,8398,0.1928,0,100,2010,0,16,267,1,1,167,No exact match in local active-listing exports; public-record/off-market best effort,133122032000,39.75033181550811,-104.8936294438639,priority_vacant_lot; owner_available; owner_allowed; off_market_best_effort; 7000_plus_sqft; owned_5_plus_years
priority_vacant_lot,10291,Hilltop,"915 S LOCUST ST, DENVER, CO ",,"HIGINBOTHAM,LARRY L & STEVE",Allowed owner,"1050 S KRAMERIA ST, DENVER, CO, 80224-1432",S-SU-D,VACANT LAND,12500,0.287,0,425600,1997,55000,29,226,1,6,92,No exact match in local active-listing exports; public-record/off-market best effort,617310013000,39.69979885085454,-104.91443366223984,priority_vacant_lot; owner_available; owner_allowed; off_market_best_effort; 7000_plus_sqft; owned_5_plus_years
priority_vacant_lot,10291,Central Park,"2230 N UINTA ST, DENVER, CO ",,WONDERLAND HOMES INC,Allowed owner,"8246 E NORTHFIELD BLVD UNIT 2560, DENVER, CO, 80238-3601",R-MU-20,VACANT LAND /GENERAL COMMON ELEMENTS,8309,0.1907,0,100,2009,10,17,262,1,1,164,No exact match in local active-listing exports; public-record/off-market best effort,133123054000,39.74949157606157,-104.89251620424095,priority_vacant_lot; owner_available; owner_allowed; off_market_best_effort; 7000_plus_sqft; owned_5_plus_years
priority_vacant_lot,10286,Hilltop,"7449 E LOWRY BLVD, DENVER, CO ",,STANDARD PACIFIC OF COLORADO INC,Allowed owner,"9193 S JAMAICA ST, ENGLEWOOD, CO, 80112-5946",R-2-A,VACANT LAND /GENERAL COMMON ELEMENTS,7969,0.1829,0,100,2003,0,23,200,4,14,78,No exact match in local active-listing exports; public-record/off-market best effort,609302005000,39.71649301254786,-104.90060246143376,priority_vacant_lot; owner_available; owner_allowed; off_market_best_effort; 7000_plus_sqft; owned_5_plus_years
priority_vacant_lot,10284,Central Park,"8355 E 22ND AVE, DENVER, CO ",,STAPLETON NEIGHBORHOOD NO 7,Allowed owner,"390 INTERLOCKEN CRES STE 500, BROOMFIELD, CO, 80021-8041",R-MU-20,VACANT LAND /GENERAL COMMON ELEMENTS,14484,0.3325,0,100,2010,0,16,250,1,1,160,No exact match in local active-listing exports; public-record/off-market best effort,133124030000,39.749430485260895,-104.89045037508163,priority_vacant_lot; owner_available; owner_allowed; off_market_best_effort; 7000_plus_sqft; owned_5_plus_years
priority_vacant_lot,10282,Harvey Park South,"3200 S FEDERAL BLVD, DENVER, CO 80236",80236,3200 SOUTH FEDERAL TOWNHOUSES,Allowed owner,"3200 S FEDERAL BLVD, DENVER, CO, 80236-6027",R-4,VACANT LAND /GENERAL COMMON ELEMENTS,17958,0.4123,0,100,,0,,137,31,32,46,No exact match in local active-listing exports; public-record/off-market best effort,532401280000,39.65872440938819,-105.02469019417404,priority_vacant_lot; owner_available; owner_allowed; off_market_best_effort; 7000_plus_sqft; sale_year_unknown_needs_enrichment
priority_vacant_lot,10281,Overland,"1934 S VALLEJO ST VCNT, DENVER, CO ",,"GALLEGOS,ELEANOR",Allowed owner,"1883 S DECATUR ST, DENVER, CO, 80219-4920",S-SU-F1,VACANT LAND,26500,0.6084,0,306600,,0,,247,1,2,136,No exact match in local active-listing exports; public-record/off-market best effort,528203038000,39.68171693776056,-105.012740996251,priority_vacant_lot; owner_available; owner_allowed; off_market_best_effort; 7000_plus_sqft; sale_year_unknown_needs_enrichment
priority_vacant_lot,10281,Central Park,"2255 N VERBENA ST, DENVER, CO ",,STAPLETON NEIGHBORHOOD NO 7,Allowed owner,"390 INTERLOCKEN CRES STE 500, BROOMFIELD, CO, 80021-8041",R-MU-20,VACANT LAND /GENERAL COMMON ELEMENTS,13564,0.3114,0,100,2010,0,16,248,1,1,159,No exact match in local active-listing exports; public-record/off-market best effort,133124029000,39.750062391016584,-104.89073971225243,priority_vacant_lot; owner_available; owner_allowed; off_market_best_effort; 7000_plus_sqft; owned_5_plus_years
priority_vacant_lot,10280,Harvey Park South,"3237 W CORNELL DR, DENVER, CO 80236",80236,THB LORETTO LAND LLC,LLC,"1200 17th ST Ste 600, Denver, CO, 80202-5806",PUD-G 25,VACANT LAND /GENERAL COMMON ELEMENTS,33873,0.7776,0,100,2021,14480000,5,114,31,32,33,No exact match in local active-listing exports; public-record/off-market best effort,532200049000,39.66114149831121,-105.0304211368252,priority_vacant_lot; owner_available; llc_owner; off_market_best_effort; 7000_plus_sqft; owned_5_plus_years
priority_vacant_lot,10274,Central Park,"8388 E 23RD AVE, DENVER, CO 80238",80238,STAPLETON NEIGHBORHOOD NO 7,Allowed owner,"390 INTERLOCKEN CRES STE 500, BROOMFIELD, CO, 80021-8041",R-MU-20,VACANT LAND /GENERAL COMMON ELEMENTS,9455,0.2171,0,100,2010,0,16,245,1,1,158,No exact match in local active-listing exports; public-record/off-market best effort,133124028000,39.750849383949436,-104.89072947125922,priority_vacant_lot; owner_available; owner_allowed; off_market_best_effort; 7000_plus_sqft; owned_5_plus_years
priority_vacant_lot,10245,Highland,"4743 N LEAF CT, DENVER, CO 80216",80216,"TAVIZON,SANJUANA SOTO",Allowed owner,"5565 WASHINGTON ST LOT A4, DENVER, CO, 80216-1755",E-SU-D,VACANT LAND,11200,0.2571,0,243300,2020,10,6,220,2,2,118,No exact match in local active-listing exports; public-record/off-market best effort,222110006000,39.782708924853814,-104.98721354440417,priority_vacant_lot; owner_available; owner_allowed; off_market_best_effort; 7000_plus_sqft; owned_5_plus_years
priority_vacant_lot,10242,West Colfax,"4400 W ALAMEDA AVE, DENVER, CO ",,"WINOKUR,CHARLES",Allowed owner,"1300 S MEADE ST, DENVER, CO, 80219-3848",E-TU-C,VACANT LAND,10552,0.2422,0,120600,2016,10,10,166,3,14,94,No exact match in local active-listing exports; public-record/off-market best effort,518201030000,39.71102201627982,-105.04411016056305,priority_vacant_lot; owner_available; owner_allowed; off_market_best_effort; 7000_plus_sqft; owned_5_plus_years
priority_vacant_lot,10239,West Colfax,"4374 W ALAMEDA AVE, DENVER, CO 80219",80219,AVR NEVADA LLC,LLC,"6689 LA HOYA SCENIC DR, LA JOLLA, CA, 92037-1133",E-TU-C,VACANT LAND,12188,0.2798,0,208400,2021,3750000,5,166,3,14,94,No exact match in local active-listing exports; public-record/off-market best effort,518201037000,39.711038605769325,-105.04463580578579,priority_vacant_lot; owner_available; llc_owner; off_market_best_effort; 7000_plus_sqft; owned_5_plus_years
priority_vacant_lot,10232,Overland,"2035 S ZUNI ST, DENVER, CO ",,"ANDRADE,OSCAR REYES",Allowed owner,"14824 E 54TH AVE, DENVER, CO, 80239-4203",S-SU-F1,VACANT LAND,13342,0.3063,0,168400,2019,140000,7,208,1,1,118,No exact match in local active-listing exports; public-record/off-market best effort,529107038000,39.68005822875458,-105.01638141562717,priority_vacant_lot; owner_available; owner_allowed; off_market_best_effort; 7000_plus_sqft; owned_5_plus_years
priority_vacant_lot,10232,Overland,"2045 S ZUNI ST, DENVER, CO ",,"LOPEZ-VALDEZ,CARLOS",Allowed owner,"4468 RIVIERA CT, AURORA, CO, 80019-3629",S-SU-F1,VACANT LAND,13254,0.3043,0,167500,2019,155000,7,208,1,1,118,No exact match in local active-listing exports; public-record/off-market best effort,529107039000,39.67994840768443,-105.01619848466656,priority_vacant_lot; owner_available; owner_allowed; off_market_best_effort; 7000_plus_sqft; owned_5_plus_years
priority_vacant_lot,10231,Cole,"2615 E 46TH AVE, DENVER, CO 80216",80216,COLORADO DEPT OF TRANSPORTATION,Allowed owner,"4201 E ARKANSAS AVE, DENVER, CO, 80222-3406",E-SU-D,VACANT LAND /GENERAL COMMON ELEMENTS,52328,1.2013,0,100,,0,,125,0,14,60,No exact match in local active-listing exports; public-record/off-market best effort,224215018000,39.7805565375782,-104.95534206663251,priority_vacant_lot; owner_available; owner_allowed; off_market_best_effort; 7000_plus_sqft; sale_year_unknown_needs_enrichment
priority_vacant_lot,10228,Gateway - Green Valley Ranch,"5475 N MEMPHIS ST, DENVER, CO ",,PARKFIELD PARTNERS LLC,LLC,"950 S CHERRY ST STE 1100, DENVER, CO, 80246-2667",PUD,VACANT LAND /GENERAL COMMON ELEMENTS,28116,0.6455,0,100,2000,10,26,174,0,0,116,No exact match in local active-listing exports; public-record/off-market best effort,17102002000,39.7938195576047,-104.79920123196644,priority_vacant_lot; owner_available; llc_owner; off_market_best_effort; 7000_plus_sqft; owned_5_plus_years
priority_vacant_lot,10226,Overland,"2480 W ASBURY AVE, DENVER, CO 80219",80219,MUGERIAN MANAGEMENT,Allowed owner,"3540 S OGDEN ST, ENGLEWOOD, CO, 80113-3923",S-SU-F1,VACANT LAND,8700,0.1997,0,119700,2021,100000,5,209,1,1,119,No exact match in local active-listing exports; public-record/off-market best effort,529107042000,39.680391183033606,-105.01704678523038,priority_vacant_lot; owner_available; owner_allowed; off_market_best_effort; 7000_plus_sqft; owned_5_plus_years
priority_vacant_lot,10222,Highland,"4788 N GRANT ST, DENVER, CO 80216",80216,"MEDINA,JOSE A",Allowed owner,"1815 W BERKELEY PL, DENVER, CO, 80221-1526",E-SU-B,VACANT LAND,8370,0.1921,0,193700,2012,45000,14,192,2,2,101,No exact match in local active-listing exports; public-record/off-market best effort,222106001000,39.78364924147179,-104.98318106828621,priority_vacant_lot; owner_available; owner_allowed; off_market_best_effort; 7000_plus_sqft; owned_5_plus_years
priority_vacant_lot,10215,Overland,"2497 W EVANS PL, DENVER, CO ",,HARTWICK INC,Allowed owner,"390 UNION BLVD STE 100, LAKEWOOD, CO, 80228-1555",R-1,VACANT LAND /GENERAL COMMON ELEMENTS,7498,0.1721,0,100,,0,,200,1,2,113,No exact match in local active-listing exports; public-record/off-market best effort,529108044000,39.677550129234,-105.01706097125377,priority_vacant_lot; owner_available; owner_allowed; off_market_best_effort; 7000_plus_sqft; sale_year_unknown_needs_enrichment
priority_vacant_lot,10210,Hilltop,"6705 E MISSISSIPPI AVE, DENVER, CO ",,COMMUNITY HOUSING CONCEPTS INC,Allowed owner,"6875 E EVANS AVE, DENVER, CO, 80224-2355",PUD-G,VACANT LAND,61186,1.4046,0,880600,,0,,156,1,1,62,No exact match in local active-listing exports; public-record/off-market best effort,617400186000,39.69720050552863,-104.91011952327702,priority_vacant_lot; owner_available; owner_allowed; off_market_best_effort; 7000_plus_sqft; sale_year_unknown_needs_enrichment
priority_vacant_lot,10207,Villa Park,"4319 W ALASKA PL, DENVER, CO 80219",80219,"ARREOLA,CARLOS ADALBERTO",Allowed owner,"8570 MCDOUGAL ST, DENVER, CO, 80229-5152",E-SU-D1X,VACANT LAND,7800,0.1791,0,147000,2021,10000,5,139,4,14,77,No exact match in local active-listing exports; public-record/off-market best effort,518205031000,39.70918272026033,-105.04416813810467,priority_vacant_lot; owner_available; owner_allowed; off_market_best_effort; 7000_plus_sqft; owned_5_plus_years
priority_vacant_lot,10204,Overland,"1968 S DECATUR ST, DENVER, CO ",,"URBINA,MOISES",Allowed owner,"1383 S UMATILLA ST, DENVER, CO, 80223-3318",S-SU-F1,VACANT LAND,17700,0.4063,0,214200,2016,100000,10,173,0,1,103,No exact match in local active-listing exports; public-record/off-market best effort,529103006000,39.6811870843656,-105.02217593982239,priority_vacant_lot; owner_available; owner_allowed; off_market_best_effort; 7000_plus_sqft; owned_5_plus_years
priority_vacant_lot,10193,Highland,"4900 N LOGAN ST, DENVER, CO ",,"VALVERDE,SHIRLEY C",Allowed owner,"13181 OLMSTED PL, DENVER, CO, 80239-3713",E-SU-D,VACANT LAND,18100,0.4155,0,78800,2013,10,13,154,2,2,81,No exact match in local active-listing exports; public-record/off-market best effort,215411002000,39.786854267169375,-104.98261940609285,priority_vacant_lot; owner_available; owner_allowed; off_market_best_effort; 7000_plus_sqft; owned_5_plus_years
priority_vacant_lot,10192,Highland,"4900 N GRANT ST, DENVER, CO 80216",80216,"ARCHULETA,BARBARA A & WESLEY D",Allowed owner,"5721 W 110TH AVE, WESTMINSTER, CO, 80020-3202",E-SU-D,VACANT LAND,9370,0.2151,0,96300,2015,10,11,164,2,2,87,No exact match in local active-listing exports; public-record/off-market best effort,215412007000,39.7865072794342,-104.98325467336261,priority_vacant_lot; owner_available; owner_allowed; off_market_best_effort; 7000_plus_sqft; owned_5_plus_years
priority_vacant_lot,10190,Cole,"4525 N MILWAUKEE ST, DENVER, CO ",,"ARRIETA,RAUL",Allowed owner,"3409 MOONLIGHT AVE, EL PASO, TX, 79904-1024",E-TU-B,VACANT LAND,15800,0.3627,0,388500,2006,90000,20,123,0,8,62,No exact match in local active-listing exports; public-record/off-market best effort,224221016000,39.77947859614386,-104.95226696041975,priority_vacant_lot; owner_available; owner_allowed; off_market_best_effort; 7000_plus_sqft; owned_5_plus_years
priority_vacant_lot,10188,Gateway - Green Valley Ranch,"5201 N CHAMBERS RD, DENVER, CO ",,RPC STORAGE 5R PORTFOLIO LLC,LLC,"2101 CEDAR SPRINGS RD STE 1600, DALLAS, TX, 75201-2148",PUD,VACANT LAND /GENERAL COMMON ELEMENTS,43641,1.0019,0,100,2020,10,6,139,0,0,93,No exact match in local active-listing exports; public-record/off-market best effort,18401016000,39.78954966597046,-104.81001594875379,priority_vacant_lot; owner_available; llc_owner; off_market_best_effort; 7000_plus_sqft; owned_5_plus_years
priority_vacant_lot,10178,Cole,"4621 N VASQUEZ BLVD, DENVER, CO ",,NORMANDY'S CORP,Allowed owner,"22287 E 45TH PL, AURORA, CO, 80019-3623",PUD,VACANT LAND,24700,0.567,0,287700,2017,160000,9,117,0,7,59,No exact match in local active-listing exports; public-record/off-market best effort,224248001000,39.78137255864133,-104.95113857824283,priority_vacant_lot; owner_available; owner_allowed; off_market_best_effort; 7000_plus_sqft; owned_5_plus_years
priority_vacant_lot,10165,Gateway - Green Valley Ranch,"4248 N FREEPORT WAY MISC, DENVER, CO ",,"ZEQUERIA,HERIBERTO",Allowed owner,"4248 FREEPORT WAY, DENVER, CO, 80239-5124",R-1,VACANT LAND /GENERAL COMMON ELEMENTS,7618,0.1749,0,100,2007,110000,19,139,0,0,93,No exact match in local active-listing exports; public-record/off-market best effort,19422073000,39.7729160288886,-104.81863581647481,priority_vacant_lot; owner_available; owner_allowed; off_market_best_effort; 7000_plus_sqft; owned_5_plus_years
priority_vacant_lot,10163,Cole,"4500 N COOK ST, DENVER, CO 80216",80216,"FOIANI,JUNE ELLEN",Allowed owner,"6256 S ALBION WAY, CENTENNIAL, CO, 80121-3145",E-TU-B,VACANT LAND,7820,0.1795,0,220900,2017,0,9,115,0,8,58,No exact match in local active-listing exports; public-record/off-market best effort,224106006000,39.779251250996666,-104.94720073447611,priority_vacant_lot; owner_available; owner_allowed; off_market_best_effort; 7000_plus_sqft; owned_5_plus_years
priority_vacant_lot,10159,Overland,"1660 S DECATUR ST, DENVER, CO ",,"LAM,VINCENT Q",Allowed owner,"5918 W MEXICO AVE, LAKEWOOD, CO, 80232-7044",E-SU-DX,VACANT LAND,7436,0.1707,0,85100,2018,57000,8,140,0,1,85,No exact match in local active-listing exports; public-record/off-market best effort,520430208000,39.686562934997006,-105.02228729526657,priority_vacant_lot; owner_available; owner_allowed; off_market_best_effort; 7000_plus_sqft; owned_5_plus_years
priority_vacant_lot,10158,Cole,"4751 N YORK ST, DENVER, CO 80216",80216,SHERWOOD PROJECTTHE GROWHAUS,Allowed owner,"3840 N YORK ST STE 214, DENVER, CO, 80205-3536",E-TU-B,VACANT LAND,33215,0.7625,0,1005600,2013,150000,13,92,0,5,47,No exact match in local active-listing exports; public-record/off-market best effort,223101044000,39.78269343397339,-104.95990433053073,priority_vacant_lot; owner_available; owner_allowed; off_market_best_effort; 7000_plus_sqft; owned_5_plus_years
priority_vacant_lot,10146,Athmar Park,"3030 W KENTUCKY AVE MISC, DENVER, CO ",,ARBOR SQUARE TOWNHOUSE CORPORATION,Allowed owner,"1100 W COLFAX AVE, DENVER, CO, 80204-2027",PUD,VACANT LAND /GENERAL COMMON ELEMENTS,11741,0.2695,0,100,1986,0,40,63,1,8,34,No exact match in local active-listing exports; public-record/off-market best effort,517319034000,39.70001947454865,-105.02617293155808,priority_vacant_lot; owner_available; owner_allowed; off_market_best_effort; 7000_plus_sqft; owned_5_plus_years
priority_vacant_lot,10146,Gateway - Green Valley Ranch,"5201 N CHAMBERS RD, DENVER, CO ",,GATEWAY VILLAGE LTD,Allowed owner,"9033 E EASTER PL STE 112, CENTENNIAL, CO, 80112-2105",PUD,VACANT LAND /GENERAL COMMON ELEMENTS,7332,0.1683,0,100,,0,,139,0,0,93,No exact match in local active-listing exports; public-record/off-market best effort,18401018000,39.78806279713323,-104.809930761034,priority_vacant_lot; owner_available; owner_allowed; off_market_best_effort; 7000_plus_sqft; sale_year_unknown_needs_enrichment
priority_vacant_lot,10135,University Hills,"2900 S QUEBEC ST, DENVER, CO 80231",80231,TAMARAC PARK,Allowed owner,"1740 10TH ST, GERING, NE, 69341-2412",R-1,VACANT LAND /GENERAL COMMON ELEMENTS,100452,2.3061,0,100,,0,,81,1,1,37,No exact match in local active-listing exports; public-record/off-market best effort,633223025000,39.66377769439276,-104.90191583257639,priority_vacant_lot; owner_available; owner_allowed; off_market_best_effort; 7000_plus_sqft; sale_year_unknown_needs_enrichment
priority_vacant_lot,10130,DIA,"21010 E BEEKMAN PL, DENVER, CO ",,HC LAND INVESTMENTS LLC,LLC,"10801 W CHARLESTON BLVD STE 170, LAS VEGAS, NV, 89135-1210",R-MU-20,VACANT LAND /GENERAL COMMON ELEMENTS,428469,9.8363,0,100,,0,,80,0,0,53,No exact match in local active-listing exports; public-record/off-market best effort,14300093000,39.78644304852472,-104.74558039363774,priority_vacant_lot; owner_available; llc_owner; off_market_best_effort; 7000_plus_sqft; sale_year_unknown_needs_enrichment
priority_vacant_lot,10127,Athmar Park,"1041 S HOOKER ST, DENVER, CO ",,"TREJO,JOAQUIN",Allowed owner,"2255 S KING ST, DENVER, CO, 80219-5334",S-SU-D,VACANT LAND,7800,0.1791,0,58800,2001,12500,25,63,1,8,34,No exact match in local active-listing exports; public-record/off-market best effort,517318024000,39.6976941653814,-105.0287640107766,priority_vacant_lot; owner_available; owner_allowed; off_market_best_effort; 7000_plus_sqft; owned_5_plus_years
priority_vacant_lot,10123,Harvey Park South,"1612 S HAZEL CT, DENVER, CO ",,MENTAL HEALTH CENTER DENVER INC,Allowed owner,"4141 E DICKENSON PL, DENVER, CO, 80222-6012",S-SU-D,VACANT LAND,17100,0.3926,0,188500,2015,10,11,91,0,1,57,No exact match in local active-listing exports; public-record/off-market best effort,520304031000,39.68713677909062,-105.02651363950825,priority_vacant_lot; owner_available; owner_allowed; off_market_best_effort; 7000_plus_sqft; owned_5_plus_years
priority_vacant_lot,10122,Hilltop,"820 S VALENTIA ST, DENVER, CO ",,PC DENVER LAND 2 LLC,LLC,"777 BRICKELL AVE STE 1200, MIAMI, FL, 33131-2867",PUD,VACANT LAND,178541,4.0987,0,1279800,,0,,64,2,2,22,No exact match in local active-listing exports; public-record/off-market best effort,616400058000,39.70227795301307,-104.89034529818014,priority_vacant_lot; owner_available; llc_owner; off_market_best_effort; 7000_plus_sqft; sale_year_unknown_needs_enrichment
priority_vacant_lot,10120,Athmar Park,"1051 S HOOKER ST, DENVER, CO 80219",80219,"HERRERA AGUILAR,EFREN G",Allowed owner,"1050 S IRVING ST, DENVER, CO, 80219-3425",S-SU-D,VACANT LAND,9010,0.2068,0,45900,2010,13500,16,63,1,8,34,No exact match in local active-listing exports; public-record/off-market best effort,517318025000,39.697430882263504,-105.0290407543738,priority_vacant_lot; owner_available; owner_allowed; off_market_best_effort; 7000_plus_sqft; owned_5_plus_years
priority_vacant_lot,10120,Hilltop,"810 S VALENTIA ST, DENVER, CO ",,PC DENVER LAND 1 LLC,LLC,"777 BRICKELL AVE STE 1200, MIAMI, FL, 33131-2867",PUD,VACANT LAND,169585,3.8931,0,1217100,2019,603617,7,55,2,2,20,No exact match in local active-listing exports; public-record/off-market best effort,616400055000,39.703353126298914,-104.8880681078658,priority_vacant_lot; owner_available; llc_owner; off_market_best_effort; 7000_plus_sqft; owned_5_plus_years
priority_vacant_lot,10119,Harvey Park South,"1622 S FEDERAL BLVD, DENVER, CO ",,"NGUYEN,HIEU CONG",Allowed owner,"1622 S FEDERAL BLVD, DENVER, CO, 80219",E-RX-5,VACANT LAND,13485,0.3096,0,91700,2021,1120000,5,93,0,2,57,No exact match in local active-listing exports; public-record/off-market best effort,520403050000,39.68733019843288,-105.02411089929544,priority_vacant_lot; owner_available; owner_allowed; off_market_best_effort; 7000_plus_sqft; owned_5_plus_years
priority_vacant_lot,10114,Central Park,"5691 N GALENA ST APPRX, DENVER, CO ",,FC STAPLETON II LLC,LLC,"7351 E 29TH AVE, DENVER, CO, 80238-2701",M-RX-5,VACANT LAND /GENERAL COMMON ELEMENTS,51335,1.1785,0,100,,0,,60,1,1,38,No exact match in local active-listing exports; public-record/off-market best effort,110100308000,39.806735315218454,-104.87533766298397,priority_vacant_lot; owner_available; llc_owner; off_market_best_effort; 7000_plus_sqft; sale_year_unknown_needs_enrichment
priority_vacant_lot,10113,Central Park,"6648 N DALLAS ST APPRX, DENVER, CO ",,FC STAPLETON II LLC,LLC,"7351 E 29TH AVE, DENVER, CO, 80238-2701",M-RX-5,VACANT LAND /GENERAL COMMON ELEMENTS,127567,2.9285,0,100,,0,,59,0,1,38,No exact match in local active-listing exports; public-record/off-market best effort,110400069000,39.802022621848124,-104.87495307379983,priority_vacant_lot; owner_available; llc_owner; off_market_best_effort; 7000_plus_sqft; sale_year_unknown_needs_enrichment
priority_vacant_lot,10113,Central Park,"5695 N ELMIRA CT, DENVER, CO ",,FC STAPLETON II LLC,LLC,"7351 E 29TH AVE, DENVER, CO, 80238-2701",M-RX-5,VACANT LAND,84258,1.9343,0,3009000,,0,,59,0,1,38,No exact match in local active-listing exports; public-record/off-market best effort,110407001000,39.799681183614005,-104.8726843447648,priority_vacant_lot; owner_available; llc_owner; off_market_best_effort; 7000_plus_sqft; sale_year_unknown_needs_enrichment
priority_vacant_lot,10111,Athmar Park,"3145 W ADA PL, DENVER, CO 80219",80219,"YOUNG,MISUK LAURA",Allowed owner,"14760 E KENTUCKY DR APT 332, AURORA, CO, 80012-3719",E-SU-D1X,VACANT LAND,8120,0.1864,0,174200,2018,177000,8,63,1,8,34,No exact match in local active-listing exports; public-record/off-market best effort,517309009000,39.701544860996,-105.02730709897301,priority_vacant_lot; owner_available; owner_allowed; off_market_best_effort; 7000_plus_sqft; owned_5_plus_years
priority_vacant_lot,10110,Athmar Park,"1079 S HOOKER ST, DENVER, CO ",,1079 S HOOKER STREET TRUST,Allowed owner,"90 W 84TH AVE, THORNTON, CO, 80260-4808",S-SU-D,VACANT LAND,10680,0.2452,0,149900,2021,87500,5,63,1,8,34,No exact match in local active-listing exports; public-record/off-market best effort,517318031000,39.697181389411135,-105.02885098573756,priority_vacant_lot; owner_available; owner_allowed; off_market_best_effort; 7000_plus_sqft; owned_5_plus_years
priority_vacant_lot,10108,Athmar Park,"1021 S HOOKER ST, DENVER, CO ",,COLORADO PEAK HOMES LLC,LLC,"1776 S JACKSON ST STE 1101, DENVER, CO, 80210-3810",E-TU-C,VACANT LAND,8962,0.2057,0,163300,2021,87500,5,63,1,8,34,No exact match in local active-listing exports; public-record/off-market best effort,517318033000,39.6980235305822,-105.0287931144888,priority_vacant_lot; owner_available; llc_owner; off_market_best_effort; 7000_plus_sqft; owned_5_plus_years
priority_vacant_lot,10106,Harvey Park South,"4650 W EVANS AVE, DENVER, CO 80219",80219,RIVIERA CIRCLE LAKE CLUB,Allowed owner,"PO BOX 27144, DENVER, CO, 80227-0144",S-SU-F,VACANT LAND /GENERAL COMMON ELEMENTS,798302,18.3265,0,100,,0,,56,0,0,36,No exact match in local active-listing exports; public-record/off-market best effort,530214061000,39.67767426687734,-105.04643518511459,priority_vacant_lot; owner_available; owner_allowed; off_market_best_effort; 7000_plus_sqft; sale_year_unknown_needs_enrichment
priority_vacant_lot,10099,Clayton,"5100 N FILLMORE ST, DENVER, CO ",,"VASQUEZ,FRANCISCO & JAVIER",Allowed owner,"6801 NIAGARA ST, COMMERCE CITY, CO, 80022-2625",E-SU-D,VACANT LAND,18900,0.4339,0,90700,2006,21000,20,61,0,0,34,No exact match in local active-listing exports; public-record/off-market best effort,213303004000,39.78985204323543,-104.9530356210953,priority_vacant_lot; owner_available; owner_allowed; off_market_best_effort; 7000_plus_sqft; owned_5_plus_years
priority_vacant_lot,10090,Central Park,"5845 N ALTON ST, DENVER, CO ",,KB HOME COLORADO INC,Allowed owner,"7807 E PEAKVIEW AVE STE 300, CENTENNIAL, CO, 80111-6849",M-RX-5,VACANT LAND /GENERAL COMMON ELEMENTS,17767,0.4079,0,100,2016,980000,10,59,0,1,38,No exact match in local active-listing exports; public-record/off-market best effort,110300097000,39.802167614362226,-104.88344913362654,priority_vacant_lot; owner_available; owner_allowed; off_market_best_effort; 7000_plus_sqft; owned_5_plus_years
priority_vacant_lot,10090,Gateway - Green Valley Ranch,"5296 N DEEPHAVEN CT, DENVER, CO 80239",80239,GRACE CHRISTIAN CENTER LLC,LLC,"5077 SABLE ST, DENVER, CO, 80239-6469",S-SU-D,VACANT LAND,111353,2.5563,0,798400,2014,20,12,28,0,0,19,No exact match in local active-listing exports; public-record/off-market best effort,18610014000,39.790054715747665,-104.817924060867,priority_vacant_lot; owner_available; llc_owner; off_market_best_effort; 7000_plus_sqft; owned_5_plus_years
priority_vacant_lot,10085,Central Park,"5983 N BOSTON CT, DENVER, CO ",,KB HOME COLORADO INC,Allowed owner,"7807 E PEAKVIEW AVE STE 300, CENTENNIAL, CO, 80111-6849",M-RX-5,VACANT LAND /GENERAL COMMON ELEMENTS,13831,0.3175,0,100,2017,770000,9,59,0,1,38,No exact match in local active-listing exports; public-record/off-market best effort,110300049000,39.80529854088696,-104.88000949232485,priority_vacant_lot; owner_available; owner_allowed; off_market_best_effort; 7000_plus_sqft; owned_5_plus_years
priority_vacant_lot,10081,Central Park,"5837 N BOSTON CT, DENVER, CO ",,KB HOME COLORADO INC,Allowed owner,"7807 E PEAKVIEW AVE STE 300, CENTENNIAL, CO, 80111-6849",M-RX-5,VACANT LAND /GENERAL COMMON ELEMENTS,9814,0.2253,0,100,2017,1190000,9,59,0,1,38,No exact match in local active-listing exports; public-record/off-market best effort,110300088000,39.80219107521184,-104.8800383704596,priority_vacant_lot; owner_available; owner_allowed; off_market_best_effort; 7000_plus_sqft; owned_5_plus_years
priority_vacant_lot,10081,Central Park,"9358 N CHESTER WAY, DENVER, CO ",,KB HOME COLORADO INC,Allowed owner,"7807 E PEAKVIEW AVE STE 300, CENTENNIAL, CO, 80111-6849",M-RX-5,VACANT LAND /GENERAL COMMON ELEMENTS,9093,0.2087,0,100,2017,1190000,9,59,0,1,38,No exact match in local active-listing exports; public-record/off-market best effort,110300117000,39.800354255636,-104.87942119555741,priority_vacant_lot; owner_available; owner_allowed; off_market_best_effort; 7000_plus_sqft; owned_5_plus_years
priority_vacant_lot,10076,Central Park,"4901 N QUENTIN ST, DENVER, CO ",,"LOZANO,KELLY HADID CASTANEDA",Allowed owner,"573 SALEM CT, AURORA, CO, 80011-8434",S-SU-D,VACANT LAND,9500,0.2181,0,85400,2015,55000,11,56,0,0,37,No exact match in local active-listing exports; public-record/off-market best effort,113307009000,39.78621432531911,-104.84484496044726,priority_vacant_lot; owner_available; owner_allowed; off_market_best_effort; 7000_plus_sqft; owned_5_plus_years
priority_vacant_lot,10073,University Hills,"3625 S TAMARAC DR, DENVER, CO ",,ABINITIO LLC,LLC,"3615 S TAMARAC DR STE 200, DENVER, CO, 80237-1400",S-SU-D,VACANT LAND /GENERAL COMMON ELEMENTS,24558,0.5638,0,100,2016,645000,10,35,0,1,15,No exact match in local active-listing exports; public-record/off-market best effort,704200029000,39.6506933152635,-104.89927379675163,priority_vacant_lot; owner_available; llc_owner; off_market_best_effort; 7000_plus_sqft; owned_5_plus_years
priority_vacant_lot,10067,Hilltop,"8900 E ALAMEDA AVE MASTR, DENVER, CO ",,,Unknown / needs enrichment,,R-2-A,VACANT LAND,10800,0.2479,0,0,,0,,49,1,2,18,No exact match in local active-listing exports; public-record/off-market best effort,616100025998,39.70675991457651,-104.88496805205288,priority_vacant_lot; owner_missing_needs_enrichment; owner_allowed; off_market_best_effort; 7000_plus_sqft; sale_year_unknown_needs_enrichment
priority_vacant_lot,10067,Hilltop,"8900 E ALAMEDA AVE, DENVER, CO ",,U S REALTY INVESTMENTS,Allowed owner,"4350 S MONACO ST, DENVER, CO, 80237-3400",R-2-A,VACANT LAND /GENERAL COMMON ELEMENTS,10800,0.2479,0,100,,0,,49,1,2,18,No exact match in local active-listing exports; public-record/off-market best effort,616100026000,39.70675991457651,-104.88496805205288,priority_vacant_lot; owner_available; owner_allowed; off_market_best_effort; 7000_plus_sqft; sale_year_unknown_needs_enrichment
priority_vacant_lot,10055,DIA,"4801 N PICADILLY RD, DENVER, CO ",,C & H RANCH COMPANY LLC,LLC,"4908 TOWER RD, DENVER, CO, 80249-6684",R-MU-20,VACANT LAND /GENERAL COMMON ELEMENTS,29595,0.6794,0,100,,0,,26,0,0,17,No exact match in local active-listing exports; public-record/off-market best effort,14400019000,39.78489492569081,-104.734633561686,priority_vacant_lot; owner_available; llc_owner; off_market_best_effort; 7000_plus_sqft; sale_year_unknown_needs_enrichment
priority_vacant_lot,10041,Virginia Village,"7500 E IOWA AVE, DENVER, CO ",,OXFORD HOMES INC,Allowed owner,"7100 E BELLEVIEW AVE STE 102, GREENWOOD VILLAGE, CO, 80111-1634",S-RH-2.5,VACANT LAND /GENERAL COMMON ELEMENTS,16400,0.3765,0,1000,,0,,25,0,0,16,No exact match in local active-listing exports; public-record/off-market best effort,621314041000,39.686661797095,-104.90097042099336,priority_vacant_lot; owner_available; owner_allowed; off_market_best_effort; 7000_plus_sqft; sale_year_unknown_needs_enrichment
